SURVEY,EVENT_ID,GEAR,EQ_TIME,EQ_LONGITUDE,EQ_LATITUDE,HB_TIME,HB_LONGITUDE,HB_LATITUDE,BOTTOM_DEPTH_START,AVG_HEAD_ROPE_DEPTH,AVG_NET_VERT_OPENING,AVG_NET_HORI_OPENING,MIN_HEAD_ROPE_DEPTH,MAX_HEAD_ROPE_DEPTH,YEAR,NET_AREA,TRAWL_DIST,VOL_FILTERED
201701,74,Marinovich,13-AUG-17 02.33.58.584000000 AM,-157.8996,71.5089,13-AUG-17 02.55.06.162000000 AM,-157.8701,71.5173,73.0,11.46,5.16,6.67,8.5,14.0,2017,34.4172,1403.333906460066,48298.82372541738
201701,124,Marinovich,15-AUG-17 10.52.46.992000000 PM,-153.9752,71.5879,15-AUG-17 11.23.09.734000000 PM,-153.9326,71.6091,45.0,25.72,8.280166666666666,7.559833333333334,22.0,32.0,2017,62.59667997222222,2801.8387238146006,175385.80192840207
201701,128,Marinovich,16-AUG-17 05.33.19.609000000 AM,-153.6704,71.7622,16-AUG-17 06.03.43.233000000 AM,-153.6339,71.7788,85.0,46.78,8.280166666666666,7.559833333333334,30.0,65.0,2017,62.59667997222222,2248.6358973053766,140757.1416376754
201701,135,Marinovich,17-AUG-17 06.43.04.185000000 PM,-159.7181,71.0019,17-AUG-17 07.14.14.843000000 PM,-159.757,70.9983,73.0,33.77,6.25,6.61,25.0,36.0,2017,41.3125,1469.988950226384,60728.91850622749
201701,149,Marinovich,18-AUG-17 05.05.00.935000000 PM,-161.1644,70.9995,18-AUG-17 05.23.50.657000000 PM,-161.1139,70.9981,48.0,28.62,7.0,7.0,27.0,33.0,2017,49.0,1842.4715163923765,90281.10430322646
201701,276,Marinovich,29-AUG-17 07.06.11.446000000 PM,-164.3412,72.4943,29-AUG-17 07.36.52.649000000 PM,-164.2724,72.4778,50.0,30.5,8.7,8.95,30.0,31.0,2017,77.86499999999998,2955.4999648503226,230130.00476307032
201701,286,Marinovich,30-AUG-17 02.46.07.028000000 AM,-163.088,72.5028,30-AUG-17 03.01.06.275000000 AM,-163.1052,72.494,43.0,23.5,8.7,9.15,23.0,24.0,2017,79.60499999999999,1139.2678437889701,90691.41670482095
201701,302,Marinovich,30-AUG-17 10.11.43.417000000 PM,-160.2532,72.5133,30-AUG-17 10.37.29.564000000 PM,-160.2967,72.5213,47.1,23.72,8.23,8.19,23.0,25.0,2017,67.4037,1710.6206717448624,115302.16257208919
201701,312,Marinovich,31-AUG-17 04.46.16.431000000 PM,-157.2401,72.5169,31-AUG-17 05.20.00.203000000 PM,-157.2803,72.5425,280.0,44.54,8.47,8.95,18.0,67.0,2017,75.8065,3158.644475059825,239445.7823986226
201701,332,Marinovich,01-SEP-17 07.13.22.683000000 PM,-158.3105,72.0038,01-SEP-17 07.42.49.118000000 PM,-158.2581,72.01100000000001,60.0,24.01,8.64,8.48,20.0,25.0,2017,73.2672,1977.8353831712877,144910.46058588737
201701,355,Marinovich,02-SEP-17 07.05.22.529000000 PM,-162.7969,72.0134,02-SEP-17 07.25.19.782000000 PM,-162.8112,72.0242,39.0,20.84,9.9,7.15,20.0,22.0,2017,70.78500000000001,1302.0407890924398,92164.95725590836
201701,366,Marinovich,03-SEP-17 01.10.58.656000000 AM,-164.3182,72.0004,03-SEP-17 01.20.34.530000000 AM,-164.31,72.0049,39.0,25.0,10.2,8.2,25.0,25.0,2017,83.63999999999999,576.3437298785308,48205.38956704031
201701,382,Marinovich,03-SEP-17 08.41.44.355000000 PM,-166.8977,72.008,03-SEP-17 08.57.16.611000000 PM,-166.8956,72.0171,47.0,30.26,8.27,7.99,22.0,36.0,2017,66.0773,1018.0146132907819,67267.65700679898
201701,400,Marinovich,04-SEP-17 04.13.41.616000000 PM,-168.5058,71.4762,04-SEP-17 04.23.08.926000000 PM,-168.5024,71.471,48.4,26.09,8.25,8.01,20.0,30.0,2017,66.0825,592.6224071866724,39161.970222913274
201701,411,Marinovich,05-SEP-17 12.17.30.420000000 AM,-166.3122,71.5047,05-SEP-17 12.37.54.926000000 AM,-166.3082,71.5162,44.5,25.5,10.6,6.75,24.0,27.0,2017,71.55,1290.9694032692435,92368.86080391437
201701,419,Marinovich,05-SEP-17 04.49.13.034000000 PM,-164.9592,71.5032,05-SEP-17 04.58.27.489000000 PM,-164.9739,71.5037,42.1,23.0,7.6,7.8,23.0,23.0,2017,59.279999999999994,523.6928723641613,31044.51347374748
201701,438,Marinovich,06-SEP-17 03.42.12.326000000 PM,-162.188,71.4953,06-SEP-17 03.52.19.010000000 PM,-162.2041,71.4975,44.8,24.0,7.8,8.45,20.0,28.0,2017,65.91,621.0837522013104,40935.63010758837
201701,447,Marinovich,06-SEP-17 10.36.00.527000000 PM,-160.6447,71.5044,06-SEP-17 10.48.20.326000000 PM,-160.6652,71.5042,47.5,32.23,8.22,8.12,30.0,33.0,2017,66.7464,726.4745707837404,48489.56229135985
201701,465,Marinovich,09-SEP-17 05.54.20.115000000 PM,-163.3644,71.0046,09-SEP-17 06.09.04.000000000 PM,-163.3898,71.0045,45.0,25.25,8.825,7.775,25.0,26.0,2017,68.614375,923.1705684817198,63342.771574767896
201701,476,Marinovich,10-SEP-17 01.20.34.310000000 AM,-165.3749,70.9979,10-SEP-17 01.37.52.054000000 AM,-165.3933,70.9898,41.2,23.01,8.88,8.03,21.0,25.0,2017,71.3064,1124.4637013087647,80181.4584710033
201701,488,Marinovich,10-SEP-17 05.38.51.612000000 PM,-167.7706,71.0135,10-SEP-17 05.49.53.255000000 PM,-167.7856,71.0152,46.5,29.02,9.67,7.53,22.0,32.0,2017,72.8151,576.9397540032965,42009.92588172543
201701,509,Marinovich,11-SEP-17 03.14.31.404000000 PM,-167.0335,70.5055,11-SEP-17 03.25.27.993000000 PM,-167.0499,70.5051,49.9,27.4,9.72,7.03,24.0,30.0,2017,68.33160000000001,612.6995651824004,41866.741608217715
201701,519,Marinovich,12-SEP-17 12.12.28.249000000 AM,-164.5496,70.5047,12-SEP-17 12.21.55.356000000 AM,-164.5658,70.5049,46.2,28.7,8.99,7.59,25.0,30.0,2017,68.2341,604.0471843824911,41216.61598387334
201701,552,Marinovich,13-SEP-17 03.43.26.109000000 PM,-165.6478,69.9919,13-SEP-17 04.00.40.230000000 PM,-165.6689,69.9892,41.8,22.0,7.9,9.05,20.0,24.0,2017,71.495,860.5407181099982,61524.358641274324
201701,555,Marinovich,13-SEP-17 09.07.21.442000000 PM,-166.9001,70.0013,13-SEP-17 09.17.19.858000000 PM,-166.8986,69.9983,47.4,29.0,8.5,7.01,27.0,31.0,2017,59.585,339.5523577374753,20232.227235787464
201701,621,Marinovich,20-SEP-17 12.28.34.461000000 AM,-165.3315,69.4966,20-SEP-17 12.56.35.814000000 AM,-165.2941,69.4868,34.0,20.42,7.91,6.67,18.0,24.0,2017,52.7597,1826.2710765075794,96353.51411521694
201701,635,Marinovich,20-SEP-17 06.03.04.728000000 PM,-167.1727,69.4984,20-SEP-17 06.24.14.942000000 PM,-167.1394,69.4929,48.0,28.25,7.81,6.99,26.0,29.0,2017,54.591899999999995,1439.5874304234246,78589.81304293255
201701,646,Marinovich,21-SEP-17 12.05.45.869000000 AM,-168.4346,69.5034,21-SEP-17 12.26.04.525000000 AM,-168.4637,69.4968,51.0,40.53,7.38,7.43,39.0,42.0,2017,54.8334,1355.242513612136,74312.5548458997
201701,667,Marinovich,21-SEP-17 09.26.14.010000000 PM,-166.8777,68.9938,21-SEP-17 09.32.34.432000000 PM,-166.8855,68.9912,46.0,24.0,8.0,5.0,23.0,25.0,2017,40.0,426.11748133520206,17044.699253408082
201701,689,Marinovich,24-SEP-17 12.22.02.007000000 AM,-167.7731,68.514,24-SEP-17 12.47.16.923000000 AM,-167.8072,68.5068,53.0,32.47,8.11,6.72,18.0,43.0,2017,54.499199999999995,1609.3508032672444,87708.33129742219
201701,708,Marinovich,24-SEP-17 11.01.30.692000000 PM,-166.6334,68.0138,24-SEP-17 11.26.57.024000000 PM,-166.6504,68.0012,46.0,27.44,7.22,7.0,25.0,30.0,2017,50.54,1574.8516350789846,79593.00163689187
201701,736,Marinovich,26-SEP-17 02.49.16.359000000 AM,-165.5653,67.4886,26-SEP-17 02.49.19.495000000 AM,-165.5683,67.4661,38.0,20.0,8.280166666666666,7.559833333333334,20.0,20.0,2017,62.59667997222222,2512.6686277235267,157284.71396585237
201701,759,Marinovich,27-SEP-17 03.06.31.660000000 AM,-166.1689,67.0064,27-SEP-17 03.31.33.597000000 AM,-166.1295,67.0127,29.0,18.0,7.5,6.5,17.0,19.0,2017,48.75,1856.0655058751775,90483.1934114149
201901,112,Marinovich,27-AUG-19 07.14.32.711000000 PM,-168.5134,72.4843,27-AUG-19 07.40.17.516000000 PM,-168.5311,72.4664,55.0,33.05,7.533414634146341,7.4490625,22.0,40.0,2019,56.11687644817073,2084.259525239307,116962.13426377717
201901,124,Marinovich,28-AUG-19 04.49.46.886000000 PM,-165.1754,72.5274,28-AUG-19 05.07.15.658000000 PM,-165.1748,72.5391,50.0,29.65,7.533414634146341,7.4490625,14.0,42.0,2019,56.11687644817073,1305.7851177765783,73276.58212212831
201901,125,Marinovich,28-AUG-19 07.58.09.870000000 PM,-164.5467,72.4954,28-AUG-19 08.10.21.323000000 PM,-164.5568,72.5029,50.0,29.87,6.48,7.4490625,18.0,39.0,2019,48.269925,903.042031917644,43589.77115251228
201901,131,Marinovich,29-AUG-19 12.21.56.796000000 AM,-163.4854,72.5088,29-AUG-19 12.37.39.098000000 AM,-163.4877,72.4983,47.0,32.38,7.0,7.4490625,30.0,35.0,2019,52.143437500000005,1174.2571663935742,61229.80516477044
201901,137,Marinovich,29-AUG-19 05.05.38.848000000 PM,-161.8411,72.4915,29-AUG-19 05.24.23.826000000 PM,-161.799,72.4843,44.0,22.6,8.15,7.22,18.0,28.0,2019,58.843,1626.7891604251352,95725.15456689624
201901,142,Marinovich,29-AUG-19 11.26.28.390000000 PM,-160.208,72.5014,29-AUG-19 11.44.31.202000000 PM,-160.2349,72.4917,48.0,28.54,7.43,7.37,24.0,31.0,2019,54.7591,1409.8900864027669,77204.31223033775
201901,147,Marinovich,30-AUG-19 04.17.26.732000000 PM,-159.6463,72.7673,30-AUG-19 04.41.05.970000000 PM,-159.5869,72.7662,89.0,27.7,7.71,7.35,15.0,40.0,2019,56.668499999999995,1968.8382804013604,111571.11209292448
201901,157,Marinovich,30-AUG-19 11.17.04.451000000 PM,-159.2123,72.9632,30-AUG-19 11.48.33.065000000 PM,-159.2451,72.9479,328.0,227.9,7.15,7.0,220.0,236.0,2019,50.050000000000004,2016.8781248042626,100944.75014645336
201901,164,Marinovich,31-AUG-19 04.59.59.799000000 PM,-156.8945,72.5522,31-AUG-19 05.24.01.535000000 PM,-156.9468,72.5578,1130.0,34.49,8.5,7.0,23.0,42.0,2019,59.5,1858.9116127293769,110605.24095739792
201901,169,Marinovich,31-AUG-19 10.28.30.249000000 PM,-157.1753,72.3706,31-AUG-19 10.59.13.249000000 PM,-157.22799999999998,72.3788,241.0,211.64,7.0,8.0,203.0,215.0,2019,56.0,2002.9892597240319,112167.39854454578
201901,184,Marinovich,02-SEP-19 08.51.50.690000000 PM,-159.2592,71.0121,02-SEP-19 09.06.55.272000000 PM,-159.2852,71.0075,54.0,28.67,6.96,8.26,22.0,34.0,2019,57.489599999999996,1075.079409858592,61805.88524100651
201901,191,Marinovich,03-SEP-19 04.18.04.653000000 PM,-160.7456,70.9923,03-SEP-19 04.34.31.946000000 PM,-160.7736,70.9865,47.0,16.95,7.52,7.0,14.0,19.0,2019,52.64,1206.592721343002,63515.04085149563
201901,197,Marinovich,03-SEP-19 10.17.04.362000000 PM,-162.3931,71.0001,03-SEP-19 10.33.39.829000000 PM,-162.4203,70.9933,45.0,34.54,7.0,7.0,29.0,36.0,2019,49.0,1246.4282057069845,61074.98207964224
201901,204,Marinovich,04-SEP-19 04.20.25.555000000 PM,-163.9071,71.0115,04-SEP-19 04.38.41.580000000 PM,-163.8829,71.0012,44.0,22.48,8.34,7.19,15.0,33.0,2019,59.964600000000004,1447.0884713908915,86774.08135156626
201901,211,Marinovich,04-SEP-19 09.54.03.504000000 PM,-165.3609,71.0068,04-SEP-19 10.10.34.977000000 PM,-165.3927,71.0084,41.0,27.31,8.0,8.0,17.0,31.0,2019,64.0,1169.2261167433478,74830.47147157426
201901,217,Marinovich,05-SEP-19 04.13.10.540000000 PM,-166.9512,71.0111,05-SEP-19 04.30.01.560000000 PM,-166.9881,71.0142,45.0,17.38,8.0,7.09,16.0,23.0,2019,56.72,1384.3972264226752,78523.01068269413
201901,223,Marinovich,05-SEP-19 09.35.46.751000000 PM,-168.4888,71.0019,05-SEP-19 09.53.15.867000000 PM,-168.5122,71.0099,47.0,34.11,8.0,7.0,30.0,37.0,2019,56.0,1232.8174354834894,69037.7763870754
201901,229,Marinovich,06-SEP-19 05.32.55.765000000 PM,-167.9944,71.7393,06-SEP-19 05.55.08.318000000 PM,-167.9885,71.7542,50.0,30.47,8.4,7.28,18.0,36.0,2019,61.15200000000001,1675.3464159286443,102450.78402686847
201901,235,Marinovich,06-SEP-19 11.21.01.050000000 PM,-166.5024,71.7387,06-SEP-19 11.37.13.398000000 PM,-166.4736,71.7451,45.0,33.19,8.26,7.27,30.0,35.0,2019,60.0502,1234.9093631025933,74156.55423618334
201901,241,Marinovich,07-SEP-19 05.51.29.952000000 PM,-164.8855,71.7503,07-SEP-19 06.07.47.698000000 PM,-164.9221,71.75,40.0,17.8,8.05,7.35,17.0,20.0,2019,59.167500000000004,1280.2182124645424,75747.31108599581
201901,247,Marinovich,07-SEP-19 11.51.16.152000000 PM,-163.1057,71.7482,08-SEP-19 12.08.18.248000000 AM,-163.1421,71.7467,41.5,29.78,7.91,7.54,27.0,31.0,2019,59.641400000000004,1283.925329479459,76575.1041456162
201901,253,Marinovich,08-SEP-19 06.20.48.479000000 PM,-161.0908,71.7497,08-SEP-19 06.33.34.033000000 PM,-161.1232,71.7496,44.0,16.48,7.84,7.2,14.0,20.0,2019,56.448,1133.0053451021613,63955.8857203268
201901,259,Marinovich,09-SEP-19 12.18.12.180000000 AM,-159.3706,71.7507,09-SEP-19 12.37.31.525000000 AM,-159.4145,71.7512,52.0,28.23,7.71,7.67,16.0,34.0,2019,59.1357,1535.9858808653455,90831.60025508881
201901,270,Marinovich,09-SEP-19 08.35.25.818000000 PM,-157.2807,71.7444,09-SEP-19 09.05.54.149000000 PM,-157.3136,71.7636,64.0,17.44,7.74,7.42,16.0,21.0,2019,57.4308,2431.619051717121,139649.8274353556
201901,276,Marinovich,10-SEP-19 06.22.59.322000000 PM,-164.5348,70.249,10-SEP-19 06.38.41.672000000 PM,-164.5643,70.2485,40.0,23.54,7.5,7.52,22.0,24.5,2019,56.4,1114.4625720002,62855.68906081128
201901,282,Marinovich,10-SEP-19 11.42.27.738000000 PM,-165.5403,70.2496,10-SEP-19 11.58.04.674000000 PM,-165.5093,70.2491,43.8,27.86,7.57,7.5,24.0,31.0,2019,56.775000000000006,1170.9575664062033,66481.1158327122
201901,288,Marinovich,11-SEP-19 05.02.42.020000000 PM,-167.3228,70.2508,11-SEP-19 05.28.42.066000000 PM,-167.2662,70.252,49.7,23.97,7.76,7.8,16.0,33.0,2019,60.528,2139.4946639077175,129499.33301700633
201901,289,Marinovich,11-SEP-19 08.16.45.144000000 PM,-167.9687,70.25,11-SEP-19 08.38.52.969000000 PM,-167.9228,70.2499,47.7,26.91,7.84,7.56,15.0,37.5,2019,59.270399999999995,1731.7896517471552,102643.86537491457
201901,305,Marinovich,17-SEP-19 10.14.55.704000000 PM,-167.1001,69.51100000000001,17-SEP-19 10.36.05.076000000 PM,-167.1008,69.4954,46.0,22.37,7.67,7.78,19.0,24.0,2019,59.6726,1740.48375877979,103859.19114416289
201901,306,Marinovich,18-SEP-19 02.16.01.823000000 AM,-165.9096,69.4998,18-SEP-19 02.38.22.784000000 AM,-165.9093,69.4841,37.0,24.04,8.0,8.0,16.0,29.0,2019,64.0,1751.4612052766975,112093.51713770864
201901,312,Marinovich,18-SEP-19 07.00.30.126000000 PM,-165.1515,69.5002,18-SEP-19 07.26.11.047000000 PM,-165.1986,69.497,33.0,22.52,7.29,7.66,21.0,23.0,2019,55.8414,1876.0026897723928,104758.6166006561
201901,318,Marinovich,18-SEP-19 11.34.05.190000000 PM,-164.2281,69.4959,18-SEP-19 11.51.40.593000000 PM,-164.2697,69.4967,23.0,13.27,7.4,7.5,11.0,15.0,2019,55.5,1629.2825474621745,90425.18138415068
201901,326,Marinovich,19-SEP-19 09.06.34.412000000 PM,-167.6728,68.7638,19-SEP-19 09.25.45.801000000 PM,-167.679,68.7547,49.0,28.44,7.08,7.75,16.0,38.0,2019,54.87,1045.5863788375357,57371.32460681558
201901,333,Marinovich,20-SEP-19 02.17.17.120000000 AM,-168.4514,68.7425,20-SEP-19 02.36.38.368000000 AM,-168.4485,68.7565,52.0,32.33,8.0,7.5,26.0,40.0,2019,60.0,1566.0442205904658,93962.65323542795
201901,339,Marinovich,20-SEP-19 07.45.43.164000000 PM,-168.0053,68.0082,20-SEP-19 08.02.39.707000000 PM,-168.0031,67.9986,54.0,37.4,7.43,7.59,28.0,46.0,2019,56.393699999999995,1074.687902243643,60605.627152757326
201901,346,Marinovich,21-SEP-19 02.42.43.528000000 AM,-167.0002,68.0146,21-SEP-19 03.01.35.808000000 AM,-167.005,68.0302,53.0,23.64,7.0,7.0,16.0,28.0,2019,49.0,1751.4815016004818,85822.5935784236
201901,353,Marinovich,21-SEP-19 05.53.36.034000000 PM,-165.8379,68.0076,21-SEP-19 06.14.22.771000000 PM,-165.882,68.0117,27.0,14.8,7.5,7.4490625,13.5,18.0,2019,55.86796875,1899.4311393281005,106117.35953475922
201901,361,Marinovich,22-SEP-19 01.57.34.013000000 AM,-164.9367,67.5833,22-SEP-19 02.18.46.411000000 AM,-164.9596,67.5981,36.5,22.66,6.92,7.4490625,16.0,27.0,2019,51.5475125,1916.8947268179456,98811.15489183215
201901,372,Marinovich,22-SEP-19 10.26.48.432000000 PM,-167.2318,67.24600000000001,22-SEP-19 10.49.09.595000000 PM,-167.2719,67.2491,42.5,30.13,7.0,7.4490625,21.0,34.0,2019,52.143437500000005,1765.53618474555,92061.12570326804
201901,373,Marinovich,23-SEP-19 02.25.15.891000000 AM,-166.3609,67.2607,23-SEP-19 02.45.43.970000000 AM,-166.3864,67.2723,40.0,31.63,6.76,7.4490625,26.0,34.0,2019,50.3556625,1698.2085276263867,85514.41547177626
201901,386,Marinovich,23-SEP-19 11.18.28.815000000 PM,-164.7352,67.2194,23-SEP-19 11.38.58.454000000 PM,-164.708,67.2102,31.0,23.25,7.0,7.4490625,20.0,24.0,2019,52.143437500000005,1560.664390984679,81378.40612978517
201901,404,Marinovich,24-SEP-19 10.27.38.265000000 PM,-167.2187,66.5112,24-SEP-19 10.45.14.332000000 PM,-167.2474,66.5049,29.0,20.02,7.0,7.4490625,18.0,21.0,2019,52.143437500000005,1457.619288734602,76005.28028092718
201901,405,Marinovich,26-SEP-19 03.39.16.220000000 PM,-168.2107,66.5066,26-SEP-19 03.57.29.203000000 PM,-168.1772,66.5108,32.0,23.07,7.0,7.4490625,23.0,24.0,2019,52.143437500000005,1562.545545508017,81476.4959931007
2012001,3,CanTrawl,07-AUG-12 10.09.48.005000000 PM,168.4897,65.9988,07-AUG-12 10.39.48.596000000 PM,168.5409,66.0256,,1.6,16.25,53.26,0.0,4.0,2012,865.475,3785.4627439471456,3276223.3683176558
2012001,7,CanTrawl,08-AUG-12 04.27.30.963000000 AM,167.3923,66.0804,08-AUG-12 04.57.34.890000000 AM,167.4257,66.1134,,4.77,14.77,60.07,3.0,6.0,2012,887.2339,3977.847394633502,3529281.057545521
2012001,10,CanTrawl,08-AUG-12 04.22.00.601000000 PM,165.8447,66.5703,08-AUG-12 04.52.00.289000000 PM,165.7476,66.5632,,2.0,14.72,57.97,2.0,2.0,2012,853.3184,4382.848944541812,3739965.6487981076
2012001,14,CanTrawl,08-AUG-12 10.56.00.442000000 PM,167.2878,66.4781,08-AUG-12 11.26.27.653000000 PM,167.31400000000002,66.45100000000001,,4.142857142857142,21.73,54.23,2.0,8.0,2012,1178.4179,3239.8671065255057,3817917.3919508625
2012001,15,CanTrawl,09-AUG-12 01.16.46.948000000 AM,167.4197,66.5,09-AUG-12 01.34.00.665000000 AM,167.4662,66.5011,,19.333333333333325,9.63,65.0,18.0,20.0,2012,625.95,2073.4881373396474,1297899.8995677524
2012001,19,CanTrawl,09-AUG-12 05.56.30.351000000 AM,168.5331,66.4836,09-AUG-12 06.26.30.730000000 AM,168.5761,66.4549,,5.166666666666666,19.73,56.19,3.0,8.0,2012,1108.6287,3730.3840279052442,4135610.7953573545
2012001,22,CanTrawl,09-AUG-12 04.02.01.290000000 PM,168.5022,66.982,09-AUG-12 04.31.59.686000000 PM,168.5184,66.9509,,3.6,20.01,55.45,1.0,5.0,2012,1109.5545000000002,3539.7626190197707,3927559.542865173
2012001,24,CanTrawl,09-AUG-12 08.02.55.210000000 PM,167.6156,67.0019,09-AUG-12 08.10.32.349000000 PM,167.6358,67.002,,14.666666666666657,21.48,40.0,12.0,16.0,2012,859.2,881.1215685007553,757059.651655849
2012001,27,CanTrawl,09-AUG-12 10.54.00.602000000 PM,167.146,66.9767,09-AUG-12 11.23.59.113000000 PM,167.1298,66.9426,,2.0,19.6,55.5,1.5,3.0,2012,1087.8000000000002,3868.1846724936768,4207811.286738622
2012001,31,CanTrawl,10-AUG-12 04.09.00.819000000 AM,165.9624,67.0007,10-AUG-12 04.38.59.960000000 AM,166.0324,66.985,,2.283333333333333,20.74,55.62,1.7,3.0,2012,1153.5587999999998,3520.5530656284664,4061164.9697226943
2012001,35,CanTrawl,10-AUG-12 05.25.08.073000000 PM,164.6551,67.0363,10-AUG-12 05.55.35.444000000 PM,164.6124,67.0733,,1.8,16.39,56.18,1.0,2.0,2012,920.7902,4525.505947510377,4167041.5265092696
2012001,38,CanTrawl,10-AUG-12 09.45.29.261000000 PM,164.5944,67.4887,10-AUG-12 10.15.27.772000000 PM,164.6078,67.4569,,2.283333333333333,16.52,57.35,1.5,5.0,2012,947.422,3592.6157108003613,3403723.1619579
2012001,42,CanTrawl,11-AUG-12 03.01.29.726000000 AM,165.8647,67.5244,11-AUG-12 03.31.29.747000000 AM,165.84400000000002,67.5613,,1.4,18.99,53.32,1.0,2.0,2012,1012.5468,4209.046227321651,4261856.28852661
2012001,43,CanTrawl,11-AUG-12 05.32.14.316000000 AM,166.1112,67.5006,11-AUG-12 06.00.31.521000000 AM,166.0201,67.502,,10.333333333333332,15.0,45.0,9.0,11.0,2012,675.0,3894.9244008098776,2629073.9705466675
2012001,47,CanTrawl,11-AUG-12 05.42.29.089000000 PM,167.2133,67.5282,11-AUG-12 06.12.29.972000000 PM,167.2224,67.565,,1.375,18.4,54.0,1.0,2.0,2012,993.5999999999999,4122.584615147679,4096200.0736107333
2012001,51,CanTrawl,11-AUG-12 11.35.14.837000000 PM,168.4857,67.5459,12-AUG-12 12.05.15.190000000 AM,168.4776,67.5836,,3.0,24.42,50.14,3.0,3.0,2012,1224.4188000000001,4218.80952849823,5165589.7003123695
2012001,54,CanTrawl,12-AUG-12 04.31.59.660000000 AM,168.4989,68.0417,12-AUG-12 05.02.00.012000000 AM,168.4838,68.0799,,2.4,21.71,52.27,2.0,3.0,2012,1134.7817,4306.998710499342,4887503.318598252
2012001,58,CanTrawl,12-AUG-12 05.44.44.411000000 PM,167.1934,68.0379,12-AUG-12 06.14.44.291000000 PM,167.2025,68.0775,,2.75,22.64,51.7,2.0,4.0,2012,1170.488,4433.12993846054,5188925.395408801
2012001,62,CanTrawl,12-AUG-12 11.57.15.233000000 PM,165.9443,68.0034,13-AUG-12 12.30.03.006000000 AM,166.0608,67.9997,,2.0,18.73,53.0,2.0,2.0,2012,992.69,4889.328799156325,4853587.805634492
2012001,63,CanTrawl,13-AUG-12 01.05.07.592000000 AM,166.0667,67.9996,13-AUG-12 01.35.36.414000000 AM,165.9847,68.0025,,10.333333333333332,8.81,55.0,10.0,11.0,2012,484.55,3444.4305401477495,1668998.8182285922
2012001,65,CanTrawl,13-AUG-12 03.51.29.899000000 PM,168.5541,68.5386,13-AUG-12 04.21.47.770000000 PM,168.5876,68.5762,,2.3333333333333326,17.48,53.0,2.0,3.0,2012,926.44,4411.261794252474,4086769.376667262
2012001,66,CanTrawl,13-AUG-12 06.33.27.249000000 PM,168.1394,68.5129,13-AUG-12 06.52.11.964000000 PM,168.1374,68.5358,,23.0,14.5,50.0,23.0,23.0,2012,725.0,2555.638034093864,1852837.5747180514
2012001,70,CanTrawl,13-AUG-12 10.51.00.333000000 PM,167.1406,68.5362,13-AUG-12 11.21.33.260000000 PM,167.1137,68.5785,,1.5,17.76,52.75,1.5,1.5,2012,936.84,4844.32771191303,4538359.973628603
2012001,74,CanTrawl,14-AUG-12 04.44.30.159000000 AM,165.7303,69.0344,14-AUG-12 05.14.36.689000000 AM,165.745,69.0721,,1.62,15.5,59.4,1.0,2.0,2012,920.6999999999999,4246.160176177971,3909439.674207058
2012001,78,CanTrawl,14-AUG-12 04.56.30.367000000 PM,167.11900000000003,69.0387,14-AUG-12 05.26.56.943000000 PM,167.1084,69.0811,,1.69,19.0,52.9,1.5,2.5,2012,1005.1,4748.589837800824,4772807.645973609
2012001,79,CanTrawl,14-AUG-12 07.22.12.186000000 PM,167.458,68.9861,14-AUG-12 07.47.53.633000000 PM,167.4408,68.9576,,31.5,11.0,62.0,31.0,32.0,2012,682.0,3252.9564272271514,2218516.283368917
2012001,83,CanTrawl,14-AUG-12 11.42.00.269000000 PM,168.4997,69.0317,15-AUG-12 12.12.43.739000000 AM,168.49200000000002,69.0714,,1.75,18.0,54.0,1.5,2.0,2012,972.0,4439.180173056488,4314883.128210906
2012001,86,CanTrawl,15-AUG-12 04.01.33.535000000 AM,168.5242,69.5496,15-AUG-12 04.31.33.354000000 AM,168.5484,69.5861,,1.0,17.71,55.71,1.0,1.0,2012,986.6241000000001,4179.6323618631495,4123726.0173541047
2012001,87,CanTrawl,15-AUG-12 05.44.12.596000000 AM,168.5207,69.5492,15-AUG-12 06.10.04.257000000 AM,168.5212,69.5205,,21.85,13.99,49.49,20.0,24.0,2012,692.3651,3201.7192186378948,2216758.646984148
2012001,90,CanTrawl,15-AUG-12 05.52.24.247000000 PM,167.0294,69.4798,15-AUG-12 06.22.24.646000000 PM,167.02200000000002,69.4506,,1.75,19.13,51.37,1.5,2.0,2012,982.7081,3270.278121865801,3213728.79961031
2012001,94,CanTrawl,16-AUG-12 09.23.16.322000000 PM,165.5747,69.5348,16-AUG-12 09.53.16.619000000 PM,165.5305,69.5748,,1.0,19.26,54.28,1.0,1.0,2012,1045.4328,4783.637084318094,5000971.111242501
2012001,98,CanTrawl,17-AUG-12 03.00.10.509000000 AM,164.1788,69.5399,17-AUG-12 03.30.34.948000000 AM,164.1312,69.578,,1.14,18.23,54.9,1.0,1.5,2012,1000.827,4637.877693568475,4641713.218421056
2012001,101,CanTrawl,17-AUG-12 03.37.46.069000000 PM,164.1083,70.0396,17-AUG-12 04.07.46.390000000 PM,164.063,70.0783,,1.71,18.22,53.31,1.5,2.5,2012,971.3081999999999,4649.314142668433,4515916.9511498185
2012001,102,CanTrawl,17-AUG-12 05.26.24.056000000 PM,164.13,70.0008,17-AUG-12 05.31.38.678000000 PM,164.1115,69.9981,,12.0,17.5,40.0,12.0,12.0,2012,700.0,768.0047426501006,537603.3198550704
2012001,106,CanTrawl,17-AUG-12 10.02.30.997000000 PM,165.5424,70.0304,17-AUG-12 10.32.30.628000000 PM,165.4932,70.0664,,1.81,17.33,55.45,1.5,2.5,2012,960.9485,4432.127182189335,4259045.967534068
2012001,108,CanTrawl,18-AUG-12 02.01.45.072000000 AM,166.548,70.014,18-AUG-12 02.21.31.528000000 AM,166.4915,70.0313,,18.5,14.5,53.0,18.0,19.0,2012,768.5,2893.0753261201558,2223328.3881233395
2012001,111,CanTrawl,18-AUG-12 04.46.32.758000000 AM,166.9903,70.0286,18-AUG-12 05.16.26.086000000 AM,166.9433,70.0647,,2.0,19.11,54.89,1.5,2.5,2012,1048.9479,4407.588409358183,4623330.6060606055
2012001,115,CanTrawl,18-AUG-12 05.33.31.780000000 PM,168.4893,70.0239,18-AUG-12 06.03.53.054000000 PM,168.5047,70.0619,,1.69,17.77,53.62,1.5,2.5,2012,952.8273999999999,4279.804987882143,4077915.459110773
2012001,118,CanTrawl,18-AUG-12 09.50.51.720000000 PM,168.5449,70.5203,18-AUG-12 10.20.52.228000000 PM,168.6196,70.5475,,3.08,18.0,53.85,1.5,5.0,2012,969.3000000000001,4115.152457195581,3988817.2767596766
2012001,122,CanTrawl,19-AUG-12 02.56.17.179000000 AM,166.9862,70.5296,19-AUG-12 03.26.18.624000000 AM,166.9766,70.5703,,2.13,18.49,52.2,1.5,4.0,2012,965.178,4554.859367500938,4396250.05460582
2012001,123,CanTrawl,19-AUG-12 05.08.15.306000000 AM,166.8113,70.5002,19-AUG-12 05.29.41.868000000 AM,166.8786,70.5014,,13.0,16.0,47.0,13.0,13.0,2012,752.0,2511.757810996069,1888841.873869044
2012001,125,CanTrawl,19-AUG-12 03.39.37.073000000 PM,166.1837,70.5048,19-AUG-12 04.05.40.940000000 PM,166.2742,70.5057,,13.67,14.09,48.58,12.0,16.0,2012,684.4922,3373.5775723716465,2309187.5343833277
2012001,128,CanTrawl,19-AUG-12 06.45.16.263000000 PM,165.4654,70.5176,19-AUG-12 07.15.25.367000000 PM,165.4442,70.5551,,2.5,17.5,53.5,2.5,2.5,2012,936.25,4257.520516528388,3986103.583599703
2012001,129,CanTrawl,19-AUG-12 09.06.07.063000000 PM,165.0451,70.5021,19-AUG-12 09.24.48.185000000 PM,165.111,70.5036,,25.5,12.5,57.5,22.0,29.0,2012,718.75,2461.458617398995,1769173.3812555277
2012001,133,CanTrawl,20-AUG-12 01.05.32.064000000 AM,164.0646,70.5228,20-AUG-12 01.35.32.999000000 AM,164.0971,70.5589,,1.75,17.34,55.81,1.5,2.0,2012,967.7454,4205.131880853376,4069497.034089203
2012001,135,CanTrawl,20-AUG-12 04.27.26.324000000 AM,163.4225,70.5031,20-AUG-12 05.02.25.419000000 AM,163.5386,70.5056,,20.5,14.51,48.58,20.0,21.0,2012,704.8958,4335.12756319999,3055813.211763907
2012001,138,CanTrawl,20-AUG-12 03.38.56.382000000 PM,162.4609,70.5202,20-AUG-12 04.08.57.234000000 PM,162.4092,70.5538,,2.25,18.47,55.22,2.0,2.5,2012,1019.9133999999999,4213.3277470078365,4297229.427765102
2012001,142,CanTrawl,20-AUG-12 11.12.02.646000000 PM,161.0915,70.5128,20-AUG-12 11.42.02.780000000 PM,160.9833,70.5317,,2.89,15.22,54.85,2.5,3.0,2012,834.817,4546.7491042128695,3795703.446931675
2012001,146,CanTrawl,21-AUG-12 04.12.40.388000000 PM,157.8229,71.0927,21-AUG-12 04.42.41.177000000 PM,157.7685,71.1318,,1.6,15.58,53.0,1.0,2.0,2012,825.74,4785.239112624218,3951363.344858322
2012001,150,CanTrawl,21-AUG-12 10.27.00.092000000 PM,159.2277,71.0325,21-AUG-12 10.57.00.123000000 PM,159.1963,71.0749,,2.16,17.0,52.17,2.0,3.0,2012,886.89,4865.805626286813,4315434.351897512
2012001,151,CanTrawl,21-AUG-12 11.57.34.859000000 PM,159.2353,71.0342,22-AUG-12 12.06.54.677000000 AM,159.2314,71.0253,,53.0,8.0,60.0,53.0,53.0,2012,480.0,1003.0540790444595,481465.9579413406
2012001,154,CanTrawl,22-AUG-12 04.42.16.036000000 AM,160.8757,71.017,22-AUG-12 05.13.04.000000000 AM,160.9237,71.0483,,2.22,17.0,58.78,2.0,3.0,2012,999.26,3902.6313175889914,3899743.3704139753
2012001,156,CanTrawl,28-AUG-12 04.11.13.713000000 PM,161.7646,71.0005,28-AUG-12 04.41.07.735000000 PM,161.8426,70.9954,,19.49,14.74,61.38,18.0,20.0,2012,904.7412,2892.2034234904527,2616695.5960128605
2012001,159,CanTrawl,28-AUG-12 07.14.25.073000000 PM,162.3602,70.9643,28-AUG-12 07.44.25.509000000 PM,162.3757,70.929,,4.01,18.03,49.72,3.0,5.0,2012,896.4516,3978.8676255217392,3566862.2490871637
2012001,163,CanTrawl,29-AUG-12 12.38.27.693000000 AM,163.9073,70.9684,29-AUG-12 01.09.52.582000000 AM,163.9632,70.9402,,7.56,15.05,56.74,4.0,14.0,2012,853.9370000000001,3748.0621630935175,3200608.9593655895
2012001,167,CanTrawl,29-AUG-12 03.47.40.380000000 PM,165.4684,70.9747,29-AUG-12 04.18.06.931000000 PM,165.5521,70.9509,,4.0,19.95,50.28,4.0,4.0,2012,1003.086,4042.731037788002,4055206.905770616
2012001,171,CanTrawl,29-AUG-12 08.32.43.282000000 PM,166.9996,70.9775,29-AUG-12 09.03.12.479000000 PM,167.0552,70.9451,,4.4,17.44,49.47,4.0,6.0,2012,862.7568,4143.5649728611215,3574888.856577748
2012001,172,CanTrawl,29-AUG-12 10.13.32.059000000 PM,166.9962,71.0025,29-AUG-12 10.43.35.072000000 PM,167.0112,70.9723,,26.83,13.0,53.51,26.0,27.0,2012,695.63,3413.4307503881896,2374484.832892536
2012001,174,CanTrawl,30-AUG-12 02.54.59.782000000 AM,168.13299999999998,71.0004,30-AUG-12 03.19.57.427000000 AM,168.0563,71.0009,,35.35,13.0,55.0,33.0,37.0,2012,715.0,2788.589443388044,1993841.4520224514
2012001,177,CanTrawl,30-AUG-12 05.16.10.125000000 AM,168.5095,70.9827,30-AUG-12 05.46.38.261000000 AM,168.541,70.9496,,4.63,16.18,48.67,4.0,8.0,2012,787.4806,3867.122437025392,3045283.896982218
2012001,180,CanTrawl,30-AUG-12 03.42.44.388000000 PM,168.4902,71.4688,30-AUG-12 04.13.12.852000000 PM,168.5063,71.434,,4.0,17.5,51.82,4.0,4.0,2012,906.85,3924.8603785982095,3559259.6343317865
2012001,184,CanTrawl,31-AUG-12 03.29.57.706000000 AM,166.9113,71.9727,31-AUG-12 04.00.22.488000000 AM,166.9724,71.9431,,4.0,16.38,49.85,4.0,4.0,2012,816.543,3920.975966871918,3201645.4789174967
2012001,188,CanTrawl,31-AUG-12 05.28.34.975000000 PM,165.3036,71.9811,31-AUG-12 05.59.00.272000000 PM,165.3738,71.9495,,4.0,16.44,51.0,4.0,4.0,2012,838.44,4280.465032494016,3588913.101844283
2012001,192,CanTrawl,31-AUG-12 11.05.47.141000000 PM,163.6822,71.9736,31-AUG-12 11.36.17.664000000 PM,163.7448,71.9393,,4.0,17.8,48.12,4.0,4.0,2012,856.536,4397.294906273942,3766441.389840257
2012001,197,CanTrawl,01-SEP-12 03.50.26.184000000 PM,162.7124,72.5035,01-SEP-12 04.20.55.162000000 PM,162.8233,72.5102,,4.52,18.46,40.66,4.0,9.0,2012,750.5835999999999,3796.6023045111056,2849667.4254882415
2012001,200,CanTrawl,01-SEP-12 06.58.04.233000000 PM,163.4237,72.4998,01-SEP-12 07.28.29.296000000 PM,163.2914,72.4966,,5.07,18.93,44.51,4.0,7.0,2012,842.5743,4456.980056603321,3755336.8513065036
2012001,205,CanTrawl,02-SEP-12 12.41.35.243000000 AM,165.1844,72.4708,02-SEP-12 01.12.02.599000000 AM,165.2039,72.4346,,5.92,18.15,43.6,4.0,8.0,2012,791.3399999999999,4092.6012002347543,3238639.0337937702
2012001,209,CanTrawl,02-SEP-12 03.43.43.063000000 PM,166.8123,72.3593,02-SEP-12 04.14.53.038000000 PM,166.8381,72.3259,,4.19,18.42,44.62,4.0,5.0,2012,821.9004,3828.1751401127517,3146378.678928727
2012001,214,CanTrawl,02-SEP-12 09.07.46.504000000 PM,168.4945,72.4894,02-SEP-12 09.38.13.407000000 PM,168.4947,72.4536,,4.69,17.65,51.69,4.0,6.0,2012,912.3284999999998,3994.986154307004,3644739.725679677
2012001,217,CanTrawl,03-SEP-12 01.27.03.941000000 AM,168.4924,71.979,03-SEP-12 01.57.29.409000000 AM,168.5362,71.9495,,4.0,20.15,44.97,4.0,4.0,2012,906.1455,3623.338905854102,3283272.244514618
2012001,222,CanTrawl,03-SEP-12 03.46.01.787000000 PM,167.0067,71.4986,03-SEP-12 04.16.29.221000000 PM,167.12400000000002,71.4928,,4.11,18.68,48.42,4.0,6.0,2012,904.4856,4206.829779585486,3805016.957286246
2012001,228,CanTrawl,05-SEP-12 07.18.35.995000000 PM,165.4279,71.4369,05-SEP-12 07.32.41.283000000 PM,165.4568,71.4326,,8.0,14.0,43.111111111111114,8.0,8.0,2012,603.5555555555557,1133.8917186269127,684366.6461757101
2012001,229,CanTrawl,06-SEP-12 05.09.28.287000000 AM,163.8249,71.4885,06-SEP-12 05.39.30.090000000 AM,163.9157,71.4663,,4.7,17.88,54.36,4.0,11.0,2012,971.9567999999999,4063.1389809265306,3949195.5618566116
2012001,236,CanTrawl,06-SEP-12 05.53.54.811000000 PM,162.1949,71.4754,06-SEP-12 06.24.20.015000000 PM,162.2041,71.4372,,4.0,17.08,51.03,4.0,4.0,2012,871.5923999999999,4274.852415976486,3725928.876886743
2012001,237,CanTrawl,06-SEP-12 11.21.25.722000000 PM,160.6483,71.4771,06-SEP-12 11.51.53.421000000 PM,160.6322,71.4408,,5.36,15.31,51.23,4.0,8.0,2012,784.3312999999999,4090.4886091723497,3208298.2484673406
2012001,240,CanTrawl,07-SEP-12 03.39.42.163000000 PM,160.4285,71.9849,07-SEP-12 04.10.08.833000000 PM,160.4273,71.9474,,4.7,18.46,48.63,4.0,13.0,2012,897.7098000000001,4184.675001238282,3756623.758426618
2012001,243,CanTrawl,07-SEP-12 09.29.08.221000000 PM,158.8159,71.98,07-SEP-12 09.59.36.295000000 PM,158.8036,71.9427,,4.29,15.97,50.1,4.0,9.0,2012,800.0970000000001,4183.821109000727,3347462.717848155
2012001,248,CanTrawl,08-SEP-12 04.28.48.418000000 AM,157.1766,71.9825,08-SEP-12 04.59.16.429000000 AM,157.1973,71.9466,,5.32,18.71,49.91,4.0,10.0,2012,933.8161,4069.3444771219392,3800019.3891825485
2012001,251,CanTrawl,08-SEP-12 03.54.08.366000000 PM,157.4578,71.4819,08-SEP-12 04.24.43.351000000 PM,157.4581,71.4451,,5.23,17.81,49.29,4.0,11.0,2012,877.8548999999999,4106.156293058775,3604609.4220274817
2012001,254,CanTrawl,08-SEP-12 08.53.42.780000000 PM,159.1441,71.5043,08-SEP-12 09.24.12.710000000 PM,159.2627,71.5051,,4.4,17.87,50.15,4.0,6.0,2012,896.1805,4201.797752782454,3765569.210987456
2012001,257,CanTrawl,10-SEP-12 07.58.12.492000000 PM,168.4934,65.5415,10-SEP-12 08.28.47.316000000 PM,168.5339,65.5155,,5.01,17.82,49.68,4.0,12.0,2012,885.2976,3451.3150323241844,3055440.9149605227
2012001,262,CanTrawl,11-SEP-12 02.27.38.635000000 AM,168.9583,65.0053,11-SEP-12 02.58.20.842000000 AM,168.8683,65.0056,,5.35,17.63,47.75,4.0,7.0,2012,841.8325,4245.064146750208,3573632.9633190944
2012001,265,CanTrawl,11-SEP-12 06.36.32.406000000 AM,168.0824,65.0185,11-SEP-12 06.47.43.760000000 AM,168.0508,65.0232,,18.0,12.5,33.5,17.0,19.0,2012,418.75,1579.0681168965857,661234.7739504452
2012001,266,CanTrawl,11-SEP-12 07.16.39.551000000 AM,167.983,65.0387,11-SEP-12 07.47.02.367000000 AM,167.9351,65.0734,,5.03,17.14,48.14,4.0,9.0,2012,825.1196,4478.022569614706,3694904.1914314586
2012001,269,CanTrawl,12-SEP-12 04.22.15.897000000 PM,166.07299999999998,64.3983,12-SEP-12 04.52.10.400000000 PM,166.1537,64.4183,,3.81,17.37,46.39,3.0,4.0,2012,805.7943,4484.624805264708,3613685.1057209116
2012001,272,CanTrawl,12-SEP-12 08.27.50.524000000 PM,167.0526,64.5061,12-SEP-12 08.57.39.698000000 PM,167.1392,64.5108,,2.66,18.0,49.19,2.0,3.0,2012,885.42,4193.187307182716,3712731.90552572
2012001,275,CanTrawl,13-SEP-12 12.08.49.904000000 AM,168.0085,64.5234,13-SEP-12 12.38.39.696000000 AM,168.0211,64.5631,,1.82,20.26,50.26,1.0,3.0,2012,1018.2676,4467.07810676426,4548680.902787387
2012001,278,CanTrawl,13-SEP-12 04.16.52.061000000 AM,168.9903,64.4862,13-SEP-12 04.46.52.695000000 AM,168.9775,64.45100000000001,,3.43,19.64,53.99,2.5,5.0,2012,1060.3636000000001,3972.280963733501,4212062.142915925
2012001,281,CanTrawl,13-SEP-12 05.03.04.205000000 PM,169.9905,64.4843,13-SEP-12 05.33.05.668000000 PM,169.99599999999998,64.4507,,2.57,18.93,54.72,2.5,3.0,2012,1035.8496,3755.215426294646,3889838.3972411384
2012001,284,CanTrawl,13-SEP-12 09.03.00.896000000 PM,169.9855,64.0142,13-SEP-12 09.33.14.305000000 PM,169.9922,64.0496,,3.42,18.36,54.68,3.0,5.0,2012,1003.9248,3959.87896583083,3975420.698795923
2012001,285,CanTrawl,14-SEP-12 12.27.14.527000000 AM,169.317,64.002,14-SEP-12 12.38.37.877000000 AM,169.3451,64.0011,,19.57,12.23,50.5,19.0,20.0,2012,617.615,1378.5615341809496,851420.2819331673
2012001,288,CanTrawl,14-SEP-12 02.28.35.983000000 AM,169.0008,63.9823,14-SEP-12 02.58.35.696000000 AM,169.0228,63.9501,,2.68,18.72,54.07,2.0,5.0,2012,1012.1904,3747.8719760831036,3793560.034620347
2012001,291,CanTrawl,14-SEP-12 04.00.30.724000000 PM,168.0052,63.9817,14-SEP-12 04.30.30.873000000 PM,168.0299,63.9479,,2.0,19.0,50.41,2.0,2.0,2012,957.79,3957.475671377689,3790430.623288837
2012001,294,CanTrawl,14-SEP-12 09.07.51.600000000 PM,166.9765,63.9727,14-SEP-12 09.37.51.765000000 PM,166.96,63.9364,,2.27,18.0,54.0,2.0,3.0,2012,972.0,4126.615921938054,4011070.6761237886
2012001,297,CanTrawl,15-SEP-12 01.58.00.361000000 AM,165.9854,64.0265,15-SEP-12 02.28.00.845000000 AM,165.952,64.0604,,1.95,17.06,55.2,1.5,2.0,2012,941.712,4116.350771490098,3876416.917721483
2012001,300,CanTrawl,15-SEP-12 04.54.16.638000000 PM,168.0028,63.4811,15-SEP-12 05.24.17.630000000 PM,168.0026,63.4446,,1.92,18.33,53.88,1.5,2.0,2012,987.6203999999999,4068.6296047773762,4018261.597722074
2012001,301,CanTrawl,15-SEP-12 10.44.16.022000000 PM,167.1158,63.4996,15-SEP-12 10.55.11.437000000 PM,167.1428,63.4957,,14.5,11.0,40.0,14.0,15.0,2012,440.0,1413.3445743666905,621871.6127213439
2012001,304,CanTrawl,16-SEP-12 12.39.30.563000000 AM,167.0069,63.4781,16-SEP-12 01.09.31.134000000 AM,167.0301,63.4401,,5.0,16.0,53.46,5.0,5.0,2012,855.36,4391.020464213742,3755903.2642698665
2012001,307,CanTrawl,16-SEP-12 05.39.44.575000000 AM,165.9985,63.4845,16-SEP-12 06.09.46.987000000 AM,166.0316,63.452,,2.81,17.21,54.54,2.0,6.0,2012,938.6334,3980.9453696347323,3736648.287514506
2012001,310,CanTrawl,17-SEP-12 02.27.00.551000000 AM,163.5449,64.1031,17-SEP-12 02.57.00.810000000 AM,163.6258,64.1045,,1.45,13.18,59.05,1.0,2.0,2012,778.279,3946.9730575867998,3071846.244285597
2012001,313,CanTrawl,17-SEP-12 04.04.46.236000000 PM,164.4417,64.09100000000001,17-SEP-12 04.34.46.448000000 PM,164.3479,64.0677,,2.81,14.43,50.0,2.0,3.0,2012,721.5,5262.473787730716,3796874.8378477115
2012001,314,CanTrawl,17-SEP-12 08.00.24.344000000 PM,163.5409,63.7707,17-SEP-12 08.10.11.544000000 PM,163.5075,63.7724,,,17.467459016393445,52.025255009107475,,,2012,908.7490096890026,1658.5124268363106,1507171.5254444017
2012001,319,CanTrawl,18-SEP-12 03.29.19.434000000 AM,164.5197,63.7641,18-SEP-12 03.59.19.942000000 AM,164.5748,63.7791,,1.96,13.96,58.38,1.0,3.0,2012,814.9848000000001,3191.260367059723,2600828.6919960952
2012001,322,CanTrawl,18-SEP-12 04.30.30.786000000 PM,166.0297,62.9865,18-SEP-12 05.00.30.935000000 PM,166.0899,62.9594,,2.34,17.25,53.32,2.0,5.0,2012,919.77,4294.975951332359,3950390.0307569634
2012001,323,CanTrawl,18-SEP-12 09.52.00.827000000 PM,167.0176,62.9813,18-SEP-12 10.22.00.805000000 PM,167.051,62.9486,,2.2,18.74,54.09,1.5,3.0,2012,1013.6466,4019.4203505862615,4074271.772342572
2012001,328,CanTrawl,19-SEP-12 03.15.00.812000000 AM,167.715,63.0631,19-SEP-12 03.45.01.070000000 AM,167.7269,63.0258,,2.53,18.75,53.0,2.0,6.0,2012,993.75,4200.916805147009,4174661.0751148397
2012001,331,CanTrawl,19-SEP-12 04.31.30.390000000 PM,169.0283,62.4891,19-SEP-12 05.01.30.988000000 PM,169.0679,62.4564,,2.58,18.73,49.83,2.0,5.0,2012,933.3158999999999,4177.959591341262,3899356.116156302
2012001,334,CanTrawl,19-SEP-12 09.18.30.436000000 PM,167.9827,62.4848,19-SEP-12 09.48.30.663000000 PM,167.9704,62.4514,,2.42,19.42,50.0,2.0,3.0,2012,971.0000000000001,3776.237701001658,3666726.8076726105
2012001,337,CanTrawl,20-SEP-12 02.24.15.787000000 AM,167.0266,62.5035,20-SEP-12 02.54.19.088000000 AM,167.0893,62.49,,5.38,19.55,53.09,3.0,10.0,2012,1037.9095000000002,3564.8461398043783,3699987.674541293
2012001,338,CanTrawl,20-SEP-12 05.13.15.363000000 AM,167.0958,62.2953,20-SEP-12 05.31.56.501000000 AM,167.0989,62.3188,,12.49,14.89,50.33,11.0,14.0,2012,749.4137,2624.019412235508,1966476.096595237
2012001,341,CanTrawl,20-SEP-12 04.36.30.733000000 PM,167.0053,61.9887,20-SEP-12 05.06.57.980000000 PM,167.0096,61.9559,,2.18,19.0,53.92,1.5,5.0,2012,1024.48,3662.3499684656695,3752004.295693709
2012001,344,CanTrawl,20-SEP-12 10.20.26.740000000 PM,167.9579,61.983999999999995,20-SEP-12 10.50.26.796000000 PM,167.9059,61.9514,,2.1,18.0,55.09,1.5,4.0,2012,991.6200000000001,4543.042816349725,4504972.117548715
2012001,347,CanTrawl,21-SEP-12 03.57.45.755000000 AM,169.0128,61.9828,21-SEP-12 04.27.46.357000000 AM,169.019,61.9455,,2.98,53.6,17.92,2.0,14.0,2012,960.5120000000002,4169.603113038605,4004953.8253109376
2012001,350,CanTrawl,21-SEP-12 04.33.45.904000000 PM,169.0151,61.48,21-SEP-12 05.03.47.754000000 PM,169.0084,61.4455,,2.15,18.54,55.85,2.0,3.0,2012,1035.459,3861.1300288853695,3998041.838579616
2012001,353,CanTrawl,21-SEP-12 09.06.30.705000000 PM,167.9848,61.485,21-SEP-12 09.36.30.839000000 PM,167.9705,61.4504,,1.94,17.61,55.66,1.5,2.0,2012,980.1725999999999,3930.355438977292,3852426.7095465134
2012001,356,CanTrawl,22-SEP-12 01.06.25.873000000 AM,167.0028,61.483000000000004,22-SEP-12 01.36.22.699000000 AM,167.0043,61.449,,2.06,17.64,54.69,2.0,3.0,2012,964.7316,3789.69600431256,3656039.4897540626
2012001,357,CanTrawl,22-SEP-12 04.16.40.592000000 AM,167.0174,61.0548,22-SEP-12 04.46.40.835000000 AM,167.0282,61.0166,,2.06,16.54,54.88,1.5,2.5,2012,907.7152,4296.449685413392,3899952.685484954
2012001,362,CanTrawl,23-SEP-12 04.32.30.671000000 PM,168.9737,60.9879,23-SEP-12 05.02.33.145000000 PM,168.9151,60.971000000000004,,2.06,16.92,55.46,1.0,5.0,2012,938.3832000000001,3689.5199677089936,3462183.553762662
2012001,365,CanTrawl,23-SEP-12 08.50.10.794000000 PM,168.0039,60.9877,23-SEP-12 09.20.11.381000000 PM,167.9897,60.9561,,3.11,20.86,53.05,2.0,6.0,2012,1106.6229999999998,3604.140816305819,3988425.1225627935
2012001,366,CanTrawl,24-SEP-12 12.22.25.791000000 AM,168.0078,60.5444,24-SEP-12 12.52.26.696000000 AM,167.9861,60.51,,2.24,18.3,55.87,2.0,3.0,2012,1022.421,4013.8279174104687,4103821.953146729
2012001,371,CanTrawl,24-SEP-12 05.34.10.271000000 AM,168.9802,60.486999999999995,24-SEP-12 06.04.11.918000000 AM,168.9196,60.4799,,2.18,18.63,55.9,1.0,6.0,2012,1041.417,3424.64439051551,3566482.8872374906
2012001,374,CanTrawl,24-SEP-12 04.25.00.831000000 PM,167.0459,60.5202,24-SEP-12 04.59.48.667000000 PM,167.1024,60.5557,,1.78,18.03,55.83,1.0,2.0,2012,1006.6149,5026.349311689042,5059598.109750934
2012001,377,CanTrawl,25-SEP-12 12.04.25.803000000 AM,168.0243,60.0039,25-SEP-12 12.34.25.844000000 AM,168.0839,60.0051,,2.17,18.26,53.31,1.5,8.0,2012,973.4406000000001,3327.914918702589,3239527.4952108
2013001,3,CanTrawl,07-AUG-13 04.37.50.831000000 PM,168.0639,65.3956,07-AUG-13 05.07.54.088000000 PM,168.0952,65.3647,41.7,3.5,18.08,51.6,1.5,10.0,2013,932.9279999999999,3740.157452557402,3489297.6118994714
2013001,6,CanTrawl,07-AUG-13 11.36.15.841000000 PM,168.4778,66.0301,08-AUG-13 12.06.42.600000000 AM,168.4519,66.0741,53.0,3.38,20.52,43.06,3.0,5.0,2013,883.5912000000001,5044.766817302825,4457511.565820784
2013001,7,Marinovich,08-AUG-13 02.12.28.017000000 AM,168.2317,66.0015,08-AUG-13 02.54.14.489000000 AM,168.2277,66.0025,50.0,38.89,5.12,9.0,38.0,40.0,2013,46.08,213.10603161793347,9819.925936954374
2013001,12,CanTrawl,08-AUG-13 04.06.19.776000000 PM,167.3334,66.1206,08-AUG-13 04.36.29.500000000 PM,167.278,66.1498,22.0,1.85,20.23,37.22,1.5,2.0,2013,752.9606,4106.399358286056,3091956.9246546836
2013001,15,CanTrawl,08-AUG-13 09.46.32.729000000 PM,165.9992,66.5407,08-AUG-13 10.17.02.887000000 PM,165.9939,66.5795,19.0,3.26,15.82,42.21,2.0,4.0,2013,667.7622,4333.199606452413,2893546.902243797
2013001,16,Marinovich,08-AUG-13 10.50.17.396000000 PM,165.9911,66.5721,08-AUG-13 11.31.27.919000000 PM,165.9995,66.5358,20.0,8.91,6.39,7.02,7.0,12.0,2013,44.8578,4065.1697092164063,182354.5697820877
2013001,20,CanTrawl,09-AUG-13 04.08.53.630000000 AM,167.2471,66.4719,09-AUG-13 04.39.23.239000000 AM,167.2393,66.4334,29.0,1.95,19.74,43.07,1.0,2.0,2013,850.2017999999999,4307.359307134057,3662124.6361721284
2013001,24,CanTrawl,09-AUG-13 05.22.23.375000000 PM,168.5089,66.5101,09-AUG-13 05.54.03.084000000 PM,168.4969,66.5512,51.0,4.88,19.85,45.04,2.0,13.0,2013,894.0440000000001,4614.218646817103,4125314.4958749507
2013001,27,CanTrawl,09-AUG-13 10.24.49.208000000 PM,168.4857,67.0243,09-AUG-13 10.55.20.840000000 PM,168.4802,67.0657,39.0,2.37,20.82,43.52,2.0,6.0,2013,906.0864,4623.235286034865,4189050.6166763008
2013001,31,CanTrawl,10-AUG-13 03.11.14.782000000 PM,167.22400000000002,66.9754,10-AUG-13 03.41.39.891000000 PM,167.2401,66.9368,39.0,2.11,20.58,43.22,1.5,4.0,2013,889.4676,4361.831535534517,3879707.827516201
2013001,32,Marinovich,10-AUG-13 04.29.08.175000000 PM,167.2523,66.9286,10-AUG-13 05.17.52.900000000 PM,167.2305,66.9685,37.0,13.73,6.66,8.07,12.0,15.0,2013,53.7462,4550.58388088326,244576.59137872784
2013001,36,CanTrawl,10-AUG-13 09.44.29.480000000 PM,166.0023,67.0116,10-AUG-13 10.15.05.713000000 PM,166.0898,67.0198,26.0,1.85,19.12,44.42,1.0,2.0,2013,849.3104000000001,3922.370288739477,3331309.878877441
2013001,40,CanTrawl,11-AUG-13 03.03.15.440000000 AM,164.7019,67.0022,11-AUG-13 03.33.12.081000000 AM,164.7888,66.9984,27.0,2.5,18.88,46.91,2.0,3.0,2013,885.6607999999999,3814.136562551244,3378031.239298384
2013001,41,Marinovich,11-AUG-13 04.06.54.890000000 AM,164.7843,66.9995,11-AUG-13 04.44.45.014000000 AM,164.6914,67.0035,26.0,15.77,5.45,8.13,7.0,20.0,2013,44.3085,4076.5176062850683,180624.38035808195
2013001,44,CanTrawl,11-AUG-13 03.04.18.456000000 PM,164.5924,67.521,11-AUG-13 03.34.51.310000000 PM,164.6442,67.5572,29.0,2.13,19.24,45.99,2.0,3.0,2013,884.8475999999999,4602.351177894412,4072379.3941170434
2013001,45,Marinovich,11-AUG-13 04.04.53.535000000 PM,164.6394,67.5568,11-AUG-13 04.55.00.665000000 PM,164.5887,67.5215,29.0,14.45,5.46,8.58,8.0,22.0,2013,46.8468,4491.777603282682,210425.40702546318
2013001,47,Marinovich,11-AUG-13 07.28.27.651000000 PM,165.0589,67.4988,11-AUG-13 07.58.58.923000000 PM,165.1279,67.5002,35.0,22.21,5.0,9.87,19.0,26.0,2013,49.349999999999994,2952.0367828358158,145683.01523294748
2013001,50,CanTrawl,11-AUG-13 10.45.40.026000000 PM,165.8637,67.5183,11-AUG-13 11.16.10.930000000 PM,165.8443,67.5583,40.5,3.42,19.77,47.96,2.0,5.0,2013,948.1692,4537.267231040794,4302097.040642166
2013001,54,CanTrawl,12-AUG-13 04.11.17.637000000 AM,167.1896,67.516,12-AUG-13 04.41.17.642000000 AM,167.2406,67.5465,46.0,2.0,18.0,50.0,2.0,8.0,2013,900.0,4038.0726035042712,3634265.343153844
2013001,58,CanTrawl,12-AUG-13 05.06.57.661000000 PM,168.4764,67.5193,12-AUG-13 05.37.25.605000000 PM,168.477,67.5563,48.0,1.54,21.41,49.19,1.0,3.0,2013,1053.1579,4126.665288953671,4346030.149717341
2013001,61,CanTrawl,12-AUG-13 09.40.30.343000000 PM,168.4394,68.0203,12-AUG-13 10.10.35.826000000 PM,168.3704,68.0492,58.0,3.48,15.24,52.15,2.0,8.0,2013,794.766,4323.481940429516,3436156.447867404
2013001,63,Marinovich,13-AUG-13 02.13.10.093000000 AM,167.5978,68.0,13-AUG-13 02.58.51.985000000 AM,167.5058,67.9988,51.0,37.38,5.0,9.36,18.0,46.0,2013,46.8,3850.0071613717178,180180.33515219638
2013001,64,Marinovich,13-AUG-13 04.10.21.806000000 AM,167.3467,68.0003,13-AUG-13 04.30.40.814000000 AM,167.3986,68.0003,55.0,47.96,5.0,9.89,45.0,49.0,2013,49.45,2170.5092103544816,107331.68045202912
2013001,67,CanTrawl,13-AUG-13 03.07.15.783000000 PM,167.1879,67.9873,13-AUG-13 03.37.44.013000000 PM,167.1953,67.9527,56.5,1.61,18.8,50.41,1.0,2.0,2013,947.708,3871.5429046775967,3669092.1831061956
2013001,69,Marinovich,14-AUG-13 01.32.29.807000000 AM,166.0922,67.999,14-AUG-13 02.02.55.923000000 AM,166.1709,68.0008,30.0,23.58,5.0,9.0,19.0,25.0,2013,45.0,3297.485690341282,148386.8560653577
2013001,72,CanTrawl,14-AUG-13 03.42.20.188000000 AM,165.8727,67.9819,14-AUG-13 04.12.17.780000000 AM,165.9344,67.9518,30.0,2.23,19.42,42.55,2.0,3.0,2013,826.321,4236.54718691047,3500747.908035047
2013001,75,CanTrawl,14-AUG-13 03.52.32.061000000 PM,167.1358,68.5284,14-AUG-13 04.23.02.256000000 PM,167.135,68.5735,35.0,4.42,22.51,39.97,3.0,8.0,2013,899.7247,5030.702699764916,4526247.477335179
2013001,76,Marinovich,14-AUG-13 04.59.06.229000000 PM,167.1476,68.5744,14-AUG-13 06.00.03.579000000 PM,167.1398,68.5313,37.0,19.59,5.06,9.0,12.0,25.0,2013,45.54,4818.044291224675,219413.7370223717
2013001,80,CanTrawl,14-AUG-13 10.27.19.343000000 PM,168.486,68.5148,14-AUG-13 10.57.47.932000000 PM,168.4513,68.5504,52.0,2.28,22.07,48.02,2.0,6.0,2013,1059.8014,4216.442359438932,4468591.515552684
2013001,85,CanTrawl,15-AUG-13 03.21.17.697000000 PM,165.68400000000003,69.0554,15-AUG-13 03.51.45.989000000 PM,165.6571,69.0896,22.0,1.33,18.55,39.38,1.0,2.0,2013,730.499,3962.9621668355676,2894939.8999112155
2013001,86,Marinovich,15-AUG-13 04.23.25.308000000 PM,165.6677,69.0923,15-AUG-13 05.04.47.617000000 PM,165.6912,69.0552,24.0,14.55,5.0,8.0,13.0,18.0,2013,40.0,4243.27563449329,169731.0253797316
2013001,88,Marinovich,15-AUG-13 07.41.32.458000000 PM,166.3862,69.0177,15-AUG-13 08.12.02.841000000 PM,166.4277,68.9945,31.0,17.24,5.38,8.81,14.0,22.0,2013,47.397800000000004,3074.560522676764,145727.40474172874
2013001,91,CanTrawl,15-AUG-13 10.49.10.886000000 PM,167.0994,69.0105,15-AUG-13 11.27.10.946000000 PM,167.0181,69.0273,47.0,4.94,22.57,49.29,3.0,7.0,2013,1112.4753,3751.6309903736346,4173596.8115052064
2013001,92,CanTrawl,15-AUG-13 11.53.44.311000000 PM,166.9506,69.0391,16-AUG-13 12.24.10.091000000 AM,166.8533,69.0506,47.0,2.37,19.03,42.96,2.0,5.0,2013,817.5288,4091.373581735362,3344815.7346278126
2013001,93,Marinovich,16-AUG-13 02.35.13.850000000 AM,167.3741,69.0008,16-AUG-13 03.00.40.273000000 AM,167.4404,68.9995,47.0,35.86,5.0,9.0,34.0,38.0,2013,45.0,2656.620913142047,119547.94109139212
2013001,97,CanTrawl,16-AUG-13 04.22.05.970000000 PM,164.1786,69.5135,16-AUG-13 04.52.34.090000000 PM,164.1095,69.5361,23.0,2.07,16.06,44.33,2.0,3.0,2013,711.9397999999999,3693.1191445179,2629278.5051242444
2013001,98,Marinovich,16-AUG-13 05.19.36.774000000 PM,164.1187,69.5348,16-AUG-13 05.52.36.419000000 PM,164.1883,69.5131,23.0,12.39,8.11,5.79,10.0,15.0,2013,46.9569,3639.9615986439317,170921.31279136322
2013001,100,Marinovich,16-AUG-13 09.29.39.843000000 PM,165.5232,69.5008,16-AUG-13 10.00.27.089000000 PM,165.4557,69.5005,34.0,17.4,5.86,9.0,14.0,25.0,2013,52.74,2639.375289387845,139200.65276231494
2013001,101,CanTrawl,16-AUG-13 10.58.38.032000000 PM,165.6038,69.5132,16-AUG-13 11.29.05.683000000 PM,165.5355,69.539,35.0,2.21,21.0,47.77,1.0,3.0,2013,1003.1700000000001,3924.034873359779,3936474.0639083297
2013001,104,Marinovich,17-AUG-13 01.19.22.224000000 AM,165.9418,69.4999,17-AUG-13 01.39.42.777000000 AM,165.8967,69.5004,38.0,21.8,5.26,8.84,17.0,28.0,2013,46.4984,1764.27504854638,82035.96691732899
2013001,106,CanTrawl,17-AUG-13 02.45.47.480000000 PM,167.0573,69.5007,17-AUG-13 02.58.32.022000000 PM,167.018,69.5004,46.0,26.57,13.66,51.9,20.0,31.0,2013,708.954,1536.9510342864405,1089627.5835615091
2013001,107,Marinovich,17-AUG-13 03.28.28.193000000 PM,167.0319,69.5003,17-AUG-13 03.45.05.191000000 PM,167.0741,69.5001,46.0,30.96,5.2,8.8,21.0,41.0,2013,45.760000000000005,1650.151195862455,75510.91872266596
2013001,110,CanTrawl,17-AUG-13 05.18.06.257000000 PM,167.1165,69.4991,17-AUG-13 05.48.34.361000000 PM,167.0124,69.4995,48.0,1.69,19.74,43.03,1.0,2.0,2013,849.4122,4070.676579570877,3457682.3489417736
2013001,112,Marinovich,17-AUG-13 10.05.45.113000000 PM,167.9679,69.5008,17-AUG-13 10.36.10.394000000 PM,167.8978,69.5014,49.0,29.76,5.06,8.94,20.0,43.0,2013,45.236399999999996,2741.5794016589903,124019.18244520674
2013001,117,Marinovich,22-AUG-13 04.33.17.028000000 PM,168.3898,69.9984,22-AUG-13 04.33.17.699000000 PM,168.3898,69.9984,45.0,,5.702599999999999,8.311200000000001,,,2013,47.395449119999995,0.0,0.0
2013001,118,Marinovich,22-AUG-13 04.50.39.886000000 PM,168.3603,69.9985,22-AUG-13 05.20.29.289000000 PM,168.2941,69.9989,45.0,18.65,6.14,8.25,17.0,21.0,2013,50.654999999999994,2528.5001874435607,128081.17699495355
2013001,120,Marinovich,22-AUG-13 09.12.55.594000000 PM,167.1727,70.0008,22-AUG-13 09.37.22.035000000 PM,167.24200000000002,70.0009,46.0,33.2,5.0,9.0,13.0,40.0,2013,45.0,2646.2429058741873,119080.93076433842
2013001,121,CanTrawl,22-AUG-13 10.48.21.154000000 PM,166.985,70.0044,22-AUG-13 11.19.08.230000000 PM,166.895,70.0182,47.5,2.0,21.66,49.87,2.0,2.0,2013,1080.1842,3764.1684839571913,4065995.322508511
2013001,128,CanTrawl,23-AUG-13 03.41.31.311000000 PM,165.5834,70.0219,23-AUG-13 04.11.30.328000000 PM,165.5653,70.0588,41.3,2.0,18.16,48.21,2.0,2.0,2013,875.4936,4174.056537807689,3654359.78488879
2013001,129,Marinovich,23-AUG-13 04.39.14.196000000 PM,165.5593,70.0586,23-AUG-13 05.18.27.382000000 PM,165.5813,70.02199999999999,42.0,10.65,6.17,8.12,7.0,14.0,2013,50.10039999999999,4168.3906958014795,208838.0412159324
2013001,131,Marinovich,23-AUG-13 08.06.19.165000000 PM,164.6639,69.9992,23-AUG-13 08.26.09.338000000 PM,164.7169,69.9989,37.0,27.25,5.08,9.92,23.0,28.0,2013,50.3936,2024.2554491230496,102009.51940092731
2013001,134,CanTrawl,23-AUG-13 10.46.46.129000000 PM,164.1084,70.0217,23-AUG-13 11.16.46.762000000 PM,164.0961,70.0565,31.0,1.48,19.06,49.23,1.0,2.0,2013,938.3237999999999,3910.578927229472,3669389.279197881
2013001,137,CanTrawl,24-AUG-13 02.57.10.432000000 AM,163.94299999999998,70.4992,24-AUG-13 03.27.10.519000000 AM,163.8338,70.4982,43.0,1.0,19.55,48.44,1.0,1.0,2013,947.002,4071.697404202191,3855905.585174283
2013001,140,CanTrawl,24-AUG-13 03.29.10.581000000 PM,161.0433,70.5196,24-AUG-13 03.59.09.855000000 PM,161.0858,70.5539,25.7,1.79,17.18,46.15,1.0,2.0,2013,792.857,4140.57805138148,3282886.292084166
2013001,142,Marinovich,24-AUG-13 07.10.08.626000000 PM,161.972,70.4995,24-AUG-13 07.40.22.737000000 PM,161.8811,70.4997,23.0,10.05,5.96,7.54,9.0,11.0,2013,44.9384,3388.0033463100467,152251.4495778194
2013001,145,CanTrawl,24-AUG-13 10.28.20.714000000 PM,162.5089,70.5192,24-AUG-13 11.00.28.726000000 PM,162.4799,70.5558,36.1,1.85,19.54,50.16,1.0,3.0,2013,980.1263999999999,4223.52715550165,4139590.4662240716
2013001,146,Marinovich,24-AUG-13 11.29.42.200000000 PM,162.4771,70.5524,24-AUG-13 11.35.36.411000000 PM,162.4827,70.5462,,,5.702599999999999,8.311200000000001,,,2013,47.395449119999995,722.3823932829532,34237.637966026035
2013001,147,Marinovich,24-AUG-13 11.54.01.454000000 PM,162.4721,70.5567,25-AUG-13 12.33.25.104000000 AM,162.5071,70.5193,36.0,12.85,5.78,8.15,8.0,18.0,2013,47.107000000000006,4371.090306453895,205908.95106612367
2013001,149,Marinovich,25-AUG-13 03.41.47.745000000 AM,163.8417,70.5023,25-AUG-13 04.11.48.830000000 AM,163.7628,70.5011,43.0,17.08,5.92,8.28,12.0,22.0,2013,49.017599999999995,2943.4207299063028,144279.41997025517
2013001,153,Marinovich,25-AUG-13 05.19.42.292000000 PM,165.5266,70.5078,25-AUG-13 05.49.50.407000000 PM,165.4609,70.5205,44.0,15.46,6.39,7.45,13.0,18.0,2013,47.6055,2827.5802959729476,134608.37377994016
2013001,157,Marinovich,25-AUG-13 10.30.30.324000000 PM,166.9958,70.5043,25-AUG-13 11.00.27.049000000 PM,167.0807,70.4994,50.5,27.8,5.0,9.8,20.0,35.0,2013,49.0,3210.8357101067736,157330.9497952319
2013001,163,Marinovich,26-AUG-13 04.26.08.982000000 PM,165.5018,71.0011,26-AUG-13 04.57.08.365000000 PM,165.5949,71.002,42.0,15.24,5.08,8.92,10.0,16.0,2013,45.3136,3385.5036135218916,153409.35654168559
2013001,167,Marinovich,26-AUG-13 10.09.19.742000000 PM,167.3133,71.0011,26-AUG-13 10.39.20.548000000 PM,167.4002,71.0013,46.0,34.77,5.0,9.96,31.0,37.0,2013,49.800000000000004,3158.790306400623,157307.75725875105
2013001,175,Marinovich,27-AUG-13 10.36.22.084000000 PM,163.1246,71.0022,27-AUG-13 11.06.51.376000000 PM,163.2046,70.9977,45.0,11.29,6.0,8.0,11.0,14.0,2013,48.0,2951.1133334216183,141653.4400042377
2013001,178,CanTrawl,28-AUG-13 02.22.15.660000000 AM,162.4028,71.0034,28-AUG-13 02.52.15.483000000 AM,162.5188,71.0011,46.0,2.67,17.2,53.16,2.0,3.0,2013,914.3519999999999,4224.039667352737,3862259.1179233086
2013001,182,CanTrawl,28-AUG-13 05.25.31.374000000 PM,160.8884,70.9951,28-AUG-13 05.55.31.633000000 PM,160.99,70.988,46.1,1.26,21.48,48.98,0.5,2.0,2013,1052.0904,3778.8116315118123,3975651.440921915
2013001,184,Marinovich,28-AUG-13 08.25.04.167000000 PM,160.0664,71.0021,28-AUG-13 08.54.37.437000000 PM,160.1402,70.9986,58.0,10.21,6.0,8.0,9.0,11.0,2013,48.0,2710.9316539871816,130124.71939138471
2013001,187,CanTrawl,28-AUG-13 11.31.05.427000000 PM,159.3529,70.9993,29-AUG-13 12.01.04.875000000 AM,159.4449,70.9986,56.0,1.85,22.1,45.27,1.0,2.0,2013,1000.4670000000001,3345.3833316286336,3346945.6256445046
2013001,188,Marinovich,29-AUG-13 12.27.08.470000000 AM,159.4365,70.9975,29-AUG-13 12.52.08.048000000 AM,159.3476,70.9977,61.0,11.94,6.0,8.46,8.0,15.0,2013,50.760000000000005,3232.075394215714,164060.14701038966
2013001,190,Marinovich,29-AUG-13 03.31.54.234000000 AM,158.5257,70.9972,29-AUG-13 04.01.03.440000000 AM,158.5969,70.9977,21.5,9.06,6.76,6.61,8.0,10.0,2013,44.6836,2589.1279552898463,115691.55790298937
2013001,193,CanTrawl,29-AUG-13 03.36.00.678000000 PM,157.7847,71.0276,29-AUG-13 04.06.27.956000000 PM,157.8272,71.061,26.0,1.52,19.46,45.96,1.0,2.0,2013,894.3816,4032.820361308385,3606880.3272595718
2013001,196,CanTrawl,29-AUG-13 08.21.30.305000000 PM,157.5283,71.4984,29-AUG-13 08.51.30.845000000 PM,157.6391,71.4948,104.1,2.25,21.28,48.32,2.0,3.0,2013,1028.2496,3946.7233049374872,4058216.6596126496
2013001,197,Marinovich,29-AUG-13 09.18.07.679000000 PM,157.6425,71.4925,29-AUG-13 09.54.48.298000000 PM,157.53,71.4968,87.0,12.36,5.58,8.34,7.0,19.0,2013,46.5372,4015.640036615629,186876.64351198883
2013001,199,Marinovich,30-AUG-13 12.58.44.364000000 AM,158.5733,71.501,30-AUG-13 01.29.10.464000000 AM,158.4732,71.5016,58.0,14.08,5.73,7.71,10.0,25.0,2013,44.1783,3546.8342360356273,156693.10692985274
2013001,202,CanTrawl,30-AUG-13 03.43.00.444000000 AM,158.9738,71.4947,30-AUG-13 04.13.00.266000000 AM,158.8445,71.4891,54.5,1.6,20.85,46.71,1.0,2.0,2013,973.9035000000001,4625.30415564569,4504599.905747883
2013001,206,CanTrawl,30-AUG-13 05.14.30.427000000 PM,160.5437,71.497,30-AUG-13 05.44.31.247000000 PM,160.4172,71.4986,47.5,1.53,21.51,46.72,1.0,3.0,2013,1004.9472000000001,4485.835831011038,4508028.158034216
2013001,207,Marinovich,30-AUG-13 06.12.14.553000000 PM,160.4102,71.4963,30-AUG-13 06.59.18.003000000 PM,160.5369,71.4956,48.0,8.77,6.15,7.76,7.0,10.0,2013,47.724000000000004,4490.480675138603,214303.6997403147
2013001,210,CanTrawl,31-AUG-13 01.17.45.520000000 AM,162.2201,71.3288,31-AUG-13 01.47.46.216000000 AM,162.2507,71.2934,45.0,1.5,19.68,46.47,1.0,2.0,2013,914.5296,4098.783066870638,3748458.438631978
2013001,214,Marinovich,31-AUG-13 06.25.20.667000000 PM,163.6518,71.3934,31-AUG-13 07.09.56.010000000 PM,163.6159,71.3522,43.0,9.75,6.07,8.0,9.0,10.0,2013,48.56,4772.0136381591365,231728.98226900768
2013001,218,Marinovich,01-SEP-13 04.03.24.715000000 AM,165.6999,71.3517,01-SEP-13 04.31.28.224000000 AM,165.6221,71.3353,43.0,11.54,5.16,8.62,10.0,12.0,2013,44.4792,3327.236974517863,147992.83883697493
2013001,225,Marinovich,02-SEP-13 03.31.28.409000000 PM,162.024,71.9898,02-SEP-13 04.15.38.236000000 PM,161.9828,71.9514,34.0,9.24,6.18,5.82,7.0,14.0,2013,35.9676,4515.264298837786,162403.22019487794
2013001,227,Marinovich,02-SEP-13 06.53.34.060000000 PM,160.9633,72.001,02-SEP-13 07.33.29.071000000 PM,161.0956,71.9978,37.0,8.72,6.0,7.12,7.0,10.0,2013,42.72,4579.00045800872,195614.89956613252
2013001,230,Marinovich,02-SEP-13 11.14.26.286000000 PM,159.81799999999998,71.9978,02-SEP-13 11.45.36.323000000 PM,159.9133,71.9965,36.0,21.05,5.0,9.0,18.0,23.0,2013,45.0,3291.9541704839844,148137.9376717793
2013001,232,CanTrawl,04-SEP-13 03.19.50.724000000 PM,157.0125,72.0027,04-SEP-13 03.49.50.670000000 PM,156.8948,72.0152,92.7,2.27,22.55,45.52,2.0,7.0,2013,1026.476,4292.158625383774,4405797.817149435
2013001,233,Marinovich,04-SEP-13 04.18.55.767000000 PM,156.8904,72.0134,04-SEP-13 05.01.03.814000000 PM,157.0073,71.9992,100.0,12.18,6.0,7.43,8.0,15.0,2013,44.58,4332.343346517197,193135.8663877366
2013001,237,Marinovich,04-SEP-13 09.17.29.201000000 PM,157.9677,72.0004,04-SEP-13 09.52.32.475000000 PM,157.8781,71.99600000000001,66.0,18.26,6.36,8.04,15.0,26.0,2013,51.1344,3130.6182340657147,160082.28502800988
2013001,240,CanTrawl,05-SEP-13 12.58.55.617000000 AM,158.7417,71.997,05-SEP-13 01.28.55.829000000 AM,158.6266,71.9964,55.1,1.52,22.32,46.72,1.0,4.0,2013,1042.7904,3972.7047806846017,4142698.4073320082
2013001,241,Marinovich,05-SEP-13 01.58.20.802000000 AM,158.619,71.9939,05-SEP-13 02.35.28.907000000 AM,158.7356,71.9952,55.0,14.0,5.98,7.85,8.0,18.0,2013,46.943,4026.9839917827135,189038.7095262559
2013001,245,Marinovich,05-SEP-13 05.59.22.079000000 PM,159.3523,72.4998,05-SEP-13 06.38.46.980000000 PM,159.2401,72.5079,50.0,13.92,6.3,7.13,13.0,15.0,2013,44.919,3873.4547731604093,173991.7149555924
2013001,249,Marinovich,05-SEP-13 11.15.07.011000000 PM,161.0102,72.4982,05-SEP-13 11.45.11.431000000 PM,160.9206,72.4966,45.0,13.18,6.3,7.45,13.0,14.0,2013,46.935,3014.2063154471066,141471.77341550996
2013001,252,Marinovich,06-SEP-13 09.51.41.789000000 PM,157.5852,72.4525,06-SEP-13 10.32.23.060000000 PM,157.5531,72.49,204.0,23.09,5.07,9.05,15.0,45.0,2013,45.883500000000005,4321.687230780121,198294.1360534997
2013001,253,Marinovich,08-SEP-13 12.15.09.968000000 AM,154.9679,71.8249,08-SEP-13 01.10.57.609000000 AM,155.0712,71.7958,327.0,243.6,5.0,10.0,234.0,251.0,2013,50.0,4848.46475646813,242423.2378234065
2013001,254,Marinovich,08-SEP-13 01.59.13.052000000 AM,155.1778,71.8217,08-SEP-13 02.35.15.705000000 AM,155.0812,71.8229,229.0,19.67,6.46,8.18,12.0,24.0,2013,52.8428,3367.5507009269018,177950.80817894006
2013001,258,CanTrawl,10-SEP-13 09.56.50.533000000 PM,168.9717,64.9987,10-SEP-13 10.26.50.760000000 PM,168.8895,64.9845,50.2,1.13,20.34,48.44,1.0,2.0,2013,985.2696,4189.689510627658,4127973.708260308
2013001,261,CanTrawl,11-SEP-13 02.38.45.701000000 AM,167.7047,64.9808,11-SEP-13 03.08.45.851000000 AM,167.6446,64.9592,37.3,1.49,18.59,49.57,1.0,2.0,2013,921.5063,3722.398521992147,3430213.689126452
2013001,264,CanTrawl,12-SEP-13 05.19.23.121000000 PM,166.0568,64.4214,12-SEP-13 05.49.50.728000000 PM,166.1436,64.4408,28.0,4.0,22.0,49.5,,,2013,1089.0,4707.909199543826,5126913.118303226
2013001,267,CanTrawl,12-SEP-13 09.47.24.941000000 PM,167.0882,64.517,12-SEP-13 10.17.50.534000000 PM,167.1831,64.52600000000001,28.0,2.0,21.0,49.0,2.0,2.0,2013,1029.0,4666.039382462864,4801354.524554287
2013001,270,CanTrawl,13-SEP-13 01.27.46.468000000 AM,168.0437,64.5003,13-SEP-13 01.58.14.121000000 AM,168.1228,64.5047,37.0,2.5,16.5,51.13,2.0,3.0,2013,843.6450000000001,3832.365321941447,3233155.842029292
2013001,273,CanTrawl,13-SEP-13 04.42.10.645000000 PM,169.0097,64.4836,13-SEP-13 05.13.18.156000000 PM,169.049,64.4495,42.0,2.5,20.5,49.0,2.0,3.0,2013,1004.5,4245.914693129012,4265021.309248093
2013001,276,CanTrawl,13-SEP-13 08.56.25.647000000 PM,170.0237,64.4798,13-SEP-13 09.28.19.490000000 PM,170.0493,64.4441,46.0,2.0,21.0,49.5,2.0,2.0,2013,1039.5,4166.294817151917,4330863.462429418
2013001,279,CanTrawl,14-SEP-13 01.04.39.551000000 AM,169.9157,63.998000000000005,14-SEP-13 01.35.05.572000000 AM,169.8199,64.0011,36.0,2.0,20.42,51.16,2.0,2.0,2013,1044.6872,4700.456609953573,4910506.854573891
2013001,282,CanTrawl,14-SEP-13 04.27.04.929000000 AM,169.0014,64.021,14-SEP-13 04.57.33.056000000 AM,168.9899,64.0567,36.0,2.0,21.0,48.62,2.0,2.0,2013,1021.02,4019.2387190622653,4103723.116936954
2013001,285,CanTrawl,14-SEP-13 04.30.31.864000000 PM,167.9439,63.998999999999995,14-SEP-13 05.00.52.214000000 PM,167.8596,63.9988,37.0,2.0,20.5,50.0,2.0,2.0,2013,1025.0,4125.167945541715,4228297.144180258
2013001,288,CanTrawl,14-SEP-13 08.12.10.391000000 PM,166.9483,64.0065,14-SEP-13 08.42.41.070000000 PM,166.8705,64.0049,33.0,2.0,20.15,50.0,2.0,2.0,2013,1007.4999999999999,3810.2907566369126,3838867.937311689
2013001,291,CanTrawl,15-SEP-13 12.07.22.488000000 AM,166.0027,64.0306,15-SEP-13 12.37.48.255000000 AM,166.0142,64.0697,22.0,2.0,17.0,48.0,2.0,2.0,2013,816.0,4394.838232297135,3586187.997554462
2013001,292,Marinovich,15-SEP-13 03.37.57.370000000 AM,165.4682,64.0881,15-SEP-13 03.54.34.469000000 AM,165.5021,64.0899,19.0,9.0,6.5,6.5,9.0,9.0,2013,42.25,1665.6390519526142,70373.24994499795
2013001,295,CanTrawl,15-SEP-13 04.25.01.605000000 PM,164.4611,64.1,15-SEP-13 04.55.30.771000000 PM,164.3909,64.1004,21.0,2.0,16.66,49.33,2.0,2.0,2013,821.8378,3422.9925616705823,2813144.676299716
2013001,298,CanTrawl,15-SEP-13 08.15.32.654000000 PM,163.5085,64.079,15-SEP-13 08.46.02.022000000 PM,163.5074,64.0431,24.0,2.0,15.58,51.0,2.0,2.0,2013,794.58,4002.4309036467703,3180251.547419651
2013001,301,CanTrawl,16-SEP-13 01.14.20.949000000 AM,162.33100000000002,64.1001,16-SEP-13 01.14.59.063000000 AM,162.3294,64.1001,21.0,1.5,13.5,49.0,1.5,1.5,2013,661.5,78.01058827945906,51604.004146862164
2013001,304,CanTrawl,16-SEP-13 04.21.09.710000000 PM,162.5278,63.7594,16-SEP-13 04.51.34.708000000 PM,162.6071,63.7746,17.0,27.5,13.5,52.5,2.0,53.0,2013,708.75,4263.702684600018,3021899.2777102627
2013001,307,CanTrawl,16-SEP-13 07.57.50.537000000 PM,163.595,63.7509,16-SEP-13 08.28.22.074000000 PM,163.7015,63.7515,16.0,2.0,11.37,48.63,2.0,2.0,2013,552.9231,5257.941897859799,2907237.533784523
2013001,310,CanTrawl,16-SEP-13 11.08.16.792000000 PM,164.5671,63.7603,16-SEP-13 11.38.48.563000000 PM,164.6507,63.781000000000006,16.0,1.5,13.0,51.5,1.5,1.5,2013,669.5,4725.836178937231,3163947.3217984764
2013001,313,CanTrawl,17-SEP-13 04.31.25.634000000 PM,166.0559,63.5078,17-SEP-13 05.01.55.018000000 PM,166.1246,63.5287,25.0,2.0,20.41,49.0,2.0,2.0,2013,1000.09,4137.5903616095575,4137962.7447421025
2013001,316,CanTrawl,18-SEP-13 04.30.01.445000000 PM,167.0079,63.5295,18-SEP-13 05.00.18.442000000 PM,167.0675,63.5525,27.0,2.0,20.0,46.0,2.0,2.0,2013,920.0,3919.0414242209845,3605518.110283306
2013001,319,CanTrawl,18-SEP-13 08.36.12.519000000 PM,167.9651,63.4665,18-SEP-13 09.06.42.059000000 PM,167.9546,63.4262,33.0,1.5,19.5,49.5,1.0,2.0,2013,965.25,4522.63852106497,4365476.8324579615
2013001,322,CanTrawl,19-SEP-13 12.26.48.980000000 AM,167.6948,63.0019,19-SEP-13 12.57.19.878000000 AM,167.6191,63.0038,25.0,2.0,20.0,49.72,2.0,2.0,2013,994.4,3841.400694485968,3819888.8505968465
2013001,325,CanTrawl,19-SEP-13 03.41.27.840000000 AM,167.01,63.0287,19-SEP-13 04.11.53.433000000 AM,166.9978,63.0675,26.0,2.0,19.0,48.44,2.0,2.0,2013,920.3599999999999,4368.560159436743,4020648.0283392
2013001,328,CanTrawl,19-SEP-13 04.26.31.260000000 PM,166.0085,62.9783,19-SEP-13 04.56.56.650000000 PM,165.9961,62.9389,21.0,2.0,18.0,49.06,2.0,2.0,2013,883.08,4436.413281006996,3917707.840191658
2013001,331,CanTrawl,19-SEP-13 09.40.00.583000000 PM,167.0392,62.5084,19-SEP-13 10.10.25.880000000 PM,167.1162,62.5133,34.0,2.0,20.0,5.0,2.0,2.0,2013,100.0,4004.3631846511507,400436.3184651151
2013001,334,CanTrawl,20-SEP-13 01.30.52.418000000 AM,168.0745,62.5047,20-SEP-13 02.01.21.661000000 AM,168.16,62.5125,30.0,2.0,18.57,45.22,2.0,2.0,2013,839.7354,4490.149669561012,3770537.6288286843
2013001,336,CanTrawl,20-SEP-13 05.06.07.230000000 AM,169.0353,62.5061,20-SEP-13 05.36.32.449000000 AM,169.1038,62.5196,33.0,2.0,19.5,47.0,2.0,2.0,2013,916.5,3836.1884963241127,3515866.7568810494
2013001,339,CanTrawl,20-SEP-13 04.35.42.387000000 PM,169.995,62.485,20-SEP-13 05.06.07.419000000 PM,169.9538,62.457,37.0,1.5,18.5,50.92,1.5,1.5,2013,942.02,3775.7195789273414,3556803.3577411342
2013001,342,CanTrawl,20-SEP-13 09.04.23.350000000 PM,169.9549,62.0074,20-SEP-13 09.34.48.366000000 PM,169.8783,62.0156,46.0,3.5,20.0,46.5,2.0,5.0,2013,930.0,4114.95065481933,3826904.108981977
2013001,345,CanTrawl,21-SEP-13 02.49.46.414000000 AM,168.9656,62.0222,21-SEP-13 03.20.11.518000000 AM,168.9043,62.0317,39.0,2.5,22.5,45.5,2.0,3.0,2013,1023.75,3379.308567879358,3459567.146366493
2013001,348,CanTrawl,21-SEP-13 04.28.44.779000000 PM,167.9582,61.9932,21-SEP-13 04.59.12.135000000 PM,167.8851,61.9886,28.0,2.0,18.0,46.0,2.0,2.0,2013,828.0,3865.598005269268,3200715.148362954
2013001,351,CanTrawl,21-SEP-13 08.25.43.318000000 PM,166.9889,61.9604,21-SEP-13 08.56.14.013000000 PM,166.9942,61.9201,30.0,1.75,18.5,49.5,1.5,2.0,2013,915.75,4499.82880631447,4120718.229382476
2013001,354,CanTrawl,22-SEP-13 12.19.02.409000000 AM,167.0362,61.5273,22-SEP-13 12.49.33.212000000 AM,167.0719,61.5603,23.0,2.0,17.5,48.0,2.0,2.0,2013,840.0,4138.610773045226,3476433.04935799
2013001,357,CanTrawl,22-SEP-13 04.38.04.659000000 PM,168.0483,61.5218,22-SEP-13 05.08.30.506000000 PM,168.0483,61.5218,28.0,2.0,18.5,48.5,,,2013,897.25,0.0,0.0
2013001,360,CanTrawl,22-SEP-13 08.49.50.595000000 PM,169.0185,61.5033,22-SEP-13 09.20.18.653000000 PM,169.0185,61.5033,37.0,2.0,21.0,48.5,,,2013,1018.5,0.0,0.0
2013001,363,CanTrawl,23-SEP-13 01.06.47.410000000 AM,169.9748,61.4653,23-SEP-13 01.37.15.094000000 AM,169.9748,61.4653,47.0,2.0,19.0,49.0,,,2013,931.0,0.0,0.0
2013001,366,CanTrawl,23-SEP-13 04.55.11.925000000 AM,169.9711,61.0091,23-SEP-13 05.25.40.467000000 AM,169.9045,61.0212,48.0,2.0,19.0,50.0,2.0,2.0,2013,950.0,3845.9279641671983,3653631.5659588384
2013001,369,CanTrawl,23-SEP-13 04.28.46.269000000 PM,168.9587,60.998999999999995,23-SEP-13 04.59.22.315000000 PM,168.8918,60.9997,38.0,2.0,20.0,48.0,2.0,2.0,2013,960.0,3620.704373286478,3475876.198355019
2013001,372,CanTrawl,23-SEP-13 08.19.01.450000000 PM,167.9427,61.0039,23-SEP-13 08.49.26.903000000 PM,167.8505,61.004,29.0,2.0,18.0,48.5,2.0,2.0,2013,873.0,4988.1020374507425,4354613.078694498
2013001,375,CanTrawl,23-SEP-13 11.49.01.728000000 PM,166.9988,60.9753,24-SEP-13 12.19.26.400000000 AM,167.0045,60.9376,27.0,2.0,16.34,50.66,2.0,2.0,2013,827.7843999999999,4212.187142008205,3486782.8060349766
2013001,378,CanTrawl,24-SEP-13 03.39.02.372000000 AM,167.0633,60.5001,24-SEP-13 04.09.30.508000000 AM,167.1585,60.5018,27.0,2.0,19.5,49.5,2.0,2.0,2013,965.25,5235.072263803276,5053153.502636112
2013001,381,CanTrawl,24-SEP-13 04.27.55.907000000 PM,167.9744,60.5123,24-SEP-13 04.58.21.174000000 PM,167.9164,60.5032,29.0,2.0,20.0,50.0,2.0,2.0,2013,1000.0,3344.0958093545764,3344095.8093545763
