StationID,MAST_Station,MAST_Latdd,MAST_Longdd,Station,Gear,Year,Depth.bot,Temp.surf,Sal.surf,DIN.surf,Water.surf,Temp.bot,Sal.bot,DIN.bot,Water.bot,MeanStrat,IntChla,phi5,TOC
CH-A01-2012,CH-A01,66.0,-168.5,1.0,CTD,2012,53.0,1.8019999999999998,32.532,1.534714366,5.0,2.061,32.836999999999996,3.006672214,5.0,0.081291624,5.072043922,8.997495837,1.119545027
CH-A02-2012,CH-A02,66.0,-167.27151202424716,3.0,CTD,2012,20.0,10.540999999999999,26.593000000000004,-0.274436846,6.0,9.347999999999999,29.212,-0.46203546,6.0,0.183658787,3.360375387,4.6473305069999995,0.21720289199999998
CH-B01-2012,CH-B01,66.5,-168.5,9.0,CTD,2012,52.0,5.329,31.811999999999998,-0.040821995,5.0,1.415,32.486,1.8000582719999998,5.0,0.11626274699999999,3.864931398,8.730391205,0.7455333279999999
CH-B02-2012,CH-B02,66.5,-167.24690249690434,6.0,CTD,2012,29.0,10.174,26.642,1.611435915,6.0,7.941,30.33,0.7466879470000001,6.0,0.186055407,3.401197382,5.999643257000001,0.42182117799999996
CH-B03-2012,CH-B03,66.5,-165.993804993809,4.0,CTD,2012,19.0,9.78,29.398000000000003,-0.527632742,6.0,9.426,29.595,2.16791019,6.0,0.106082251,3.034952987,2.804165996,0.08
CH-C01-2012,CH-C01,67.0,-168.5,10.0,CTD,2012,39.0,4.332,31.927,1.160020917,5.0,1.485,32.33,1.5282278569999999,5.0,0.111557516,3.335769576,7.473285757,0.75
CH-C02-2012,CH-C02,67.0,-167.2211874378042,13.0,CTD,2012,39.0,8.267000000000001,30.374000000000002,0.536493371,6.0,5.763,31.557,1.4655675419999998,5.0,0.133800276,4.119037175,8.467671235,0.521297204
CH-C03-2012,CH-C03,67.0,-165.942374875608,15.0,CTD,2012,24.0,9.904,28.479,-0.916290732,6.0,8.969,29.459,-0.248461359,6.0,0.141450515,3.725693427,2.8428410410000002,0.5752829420000001
CH-C04-2012,CH-C04,67.0,-164.663562313412,17.0,CTD,2012,27.0,9.137,30.217,-1.897119985,6.0,6.997000000000001,31.340999999999998,-0.26136476399999997,5.0,0.14637355900000001,3.7013019739999997,2.364322195,0.31271942
CH-D01-2012,CH-D01,67.5,-168.5,25.0,CTD,2012,49.0,7.125,28.314,1.08180517,6.0,1.085,32.563,2.673458756,5.0,0.17163265,3.9531649489999996,8.693100713,1.2
CH-D02-2012,CH-D02,67.5,-167.19429331368374,23.0,CTD,2012,46.0,5.653,31.845,0.576613364,5.0,2.176,32.371,2.00148,5.0,0.115481779,4.244200318,7.984732505,0.8272628009999999
CH-D03-2012,CH-D03,67.5,-165.888586627367,20.0,CTD,2012,40.0,9.919,28.996,0.198850859,6.0,4.234,32.071,1.011600912,5.0,0.170718011,3.039749159,3.445710863,0.327695705
CH-D04-2012,CH-D04,67.5,-164.58287994105,18.0,CTD,2012,30.0,9.447000000000001,30.046,0.076961041,6.0,7.49,30.804000000000002,1.363537374,6.0,0.134501321,3.6163087610000004,6.526867548999999,0.41
CH-E01-2012,CH-E01,68.0,-168.5,26.0,CTD,2012,59.0,6.272,31.889,0.451075619,5.0,0.6629999999999999,32.676,2.463001814,5.0,0.118923684,4.7732237710000005,8.452218644,1.26
CH-E02-2012,CH-E02,68.0,-167.1661399012698,28.0,CTD,2012,56.0,7.239,31.055,-1.609437912,6.0,3.115,32.255,0.916290732,5.0,0.128421647,3.96081317,5.320714238,0.44
CH-E03-2012,CH-E03,68.0,-165.82,30.0,CTD,2012,29.0,9.471,30.392,-0.616186139,6.0,8.585,30.646,-0.105360516,6.0,0.105556913,3.1654750480000002,5.095368816000001,0.6112334779999999
CH-F01-2012,CH-F01,68.5,-168.5,32.0,CTD,2012,52.0,7.053,31.487,-0.7765287890000001,6.0,2.042,32.366,1.098612289,5.0,0.127152937,3.2619353139999996,8.390052666,1.295563308
CH-F02-2012,CH-F02,68.5,-167.13663950927923,35.0,CTD,2012,36.0,9.777999999999999,29.349,-0.84397007,6.0,9.097999999999999,30.601,-0.23572233399999998,6.0,0.13567663900000002,3.202746443,7.047600772999999,0.518288396
CH-G01-2012,CH-G01,69.0,-168.5,41.0,CTD,2012,51.0,6.565,31.546999999999997,-1.078809661,5.0,0.747,32.505,1.247032294,5.0,0.12866529300000001,3.4499875460000005,9.972462083,1.5
CH-G02-2012,CH-G02,69.0,-167.105696090033,38.0,CTD,2012,47.0,8.052999999999999,31.035,-0.84397007,6.0,5.556,31.715999999999998,-1.021651248,5.0,0.119322996,3.496507561,8.984430977999999,1.09
CH-G03-2012,CH-G03,69.0,-165.70791833333334,37.0,CTD,2012,20.0,10.041,27.073,-0.139262067,6.0,8.921,28.566999999999997,-0.597837001,6.0,0.166157007,3.0204248860000003,4.769403165,0.836312418
CH-H01-2012,CH-H01,69.5,-168.5,42.0,CTD,2012,51.0,6.64,31.733,-1.203972804,5.0,0.598,32.724000000000004,1.658228077,5.0,0.130524806,2.753660712,8.716359543,1.4047025869999998
CH-H02-2012,CH-H02,69.5,-167.0732042174865,45.0,CTD,2012,46.0,7.718,31.111,-1.108662625,6.0,4.526,31.984,0.615185639,5.0,0.125521448,3.46260601,5.758535207,0.313688336
CH-H03-2012,CH-H03,69.5,-165.646408434973,47.0,CTD,2012,36.0,8.068999999999999,31.009,-0.544727175,6.0,8.035,31.016,-0.020202707,6.0,0.042459105,3.7208625,3.9001217169999998,0.267013198
CH-H04-2012,CH-H04,69.5,-164.21961265246,49.0,CTD,2012,24.0,8.693999999999999,29.365,0.8109302159999999,6.0,8.789,29.410999999999998,0.609765572,6.0,0.056093017,3.523415014,8.793781335,0.08
CH-I01-2012,CH-I01,70.0,-168.5,58.0,CTD,2012,43.0,5.167000000000001,30.124000000000002,0.104360015,5.0,-0.7240000000000001,32.899,1.808288771,3.0,0.163378421,3.2347491739999996,7.044594921,1.0003417890000001
CH-I02-2012,CH-I02,70.0,-167.03904791900405,56.0,CTD,2012,48.0,6.218,31.595,-0.040821995,5.0,3.2889999999999997,32.256,1.300191662,5.0,0.118511299,3.5380565639999997,8.190125732,0.351208267
CH-I03-2012,CH-I03,70.0,-165.578095838008,53.0,CTD,2012,41.0,7.292999999999999,31.314,-0.385662481,6.0,6.859,31.52,1.10856262,5.0,0.08769038400000001,3.730501129,6.4311740760000005,0.49
CH-I04-2012,CH-I04,70.0,-164.13529499999999,50.0,CTD,2012,32.0,7.471,31.111,0.067658648,6.0,6.676,31.334,0.494696242,5.0,0.101072619,3.2347491739999996,3.367491648,0.16
CH-J01-2012,CH-J01,70.5,-168.5,59.0,CTD,2012,40.0,6.059,31.125,-0.994252273,5.0,-0.41700000000000004,32.815,-0.597837001,3.0,0.149961467,1.774952351,8.900675012,1.153881359
CH-J02-2012,CH-J02,70.5,-167.003099320258,61.0,CTD,2012,50.0,5.632000000000001,29.927,0.494696242,5.0,1.7890000000000001,32.595,1.115141591,5.0,0.151077229,2.587764035,3.78153408,0.78
CH-J03-2012,CH-J03,70.5,-165.506198640516,65.0,CTD,2012,43.0,5.92,31.948,-0.356674944,5.0,3.7230000000000003,32.234,0.048790164000000004,5.0,0.10563971400000001,3.6635616460000002,8.560373824,0.81
CH-J04-2012,CH-J04,70.5,-164.009297960774,68.0,CTD,2012,43.0,6.7,31.666,-0.867500568,5.0,5.086,31.999000000000002,0.457424847,5.0,0.101883609,3.817712326,6.190246127000001,0.583685172
CH-J05-2012,CH-J05,70.5,-162.512397281032,71.0,CTD,2012,34.0,7.646,30.901999999999997,0.858661619,6.0,6.3660000000000005,31.5,0.542324291,5.0,0.11882099,3.4719664530000003,4.765501023000001,0.28
CH-J06-2012,CH-J06,70.5,-161.00060166666665,73.0,CTD,2012,25.0,9.164,28.646,0.009950331,6.0,8.227,29.894000000000002,-0.139262067,6.0,0.15057373699999999,3.310543013,2.594650514,0.467689918
CH-K01-2012,CH-K01,71.0,-168.5,92.0,CTD,2012,47.0,5.615,30.523000000000003,-0.733969175,5.0,-0.32799999999999996,33.034,2.1306098280000003,3.0,0.15457459199999998,2.9231615810000005,9.024965373999999,1.19
CH-K02-2012,CH-K02,71.0,-166.96521707968793,88.0,CTD,2012,46.0,6.07,31.735,-1.108662625,5.0,1.2409999999999999,32.57,1.648658626,5.0,0.128158794,2.862200881,9.125787637,0.86
CH-K03-2012,CH-K03,71.0,-165.430434159376,86.0,CTD,2012,41.0,6.029,31.397,-2.040220829,5.0,3.255,32.342,1.249901736,5.0,0.124440657,3.1654750480000002,7.079548008,0.52
CH-K04-2012,CH-K04,71.0,-163.895651239064,84.0,CTD,2012,43.0,4.779,29.865,-1.427116356,1.0,1.22,32.606,1.378766095,5.0,0.1585535,3.602776755,7.8025636810000005,0.76
CH-K05-2012,CH-K05,71.0,-162.360868318752,82.0,CTD,2012,45.0,5.849,30.474,-0.544727175,5.0,3.015,32.42,1.061256502,5.0,0.144202046,3.349904087,6.280923499,0.45
CH-K06-2012,CH-K06,71.0,-160.82608539844,79.0,CTD,2012,46.0,6.3020000000000005,30.741,-1.021651248,5.0,1.785,32.555,1.486139696,5.0,0.14258167900000002,3.238678452,5.627610505,0.6
CH-K07-2012,CH-K07,71.0,-159.291302478128,77.0,CTD,2012,52.0,6.775,31.061,0.48242614899999997,5.0,5.803999999999999,31.648000000000003,0.542324291,5.0,0.104678774,3.346389145,3.797367509,0.6
CH-K08-2012,CH-K08,71.0,-157.77290666666667,75.0,CTD,2012,25.0,8.901,28.546999999999997,-0.9675840259999999,6.0,8.531,28.734,-1.171182982,6.0,0.098019433,3.640214282,2.046948949,0.08
CH-L01-2012,CH-L01,71.5,-168.5,93.0,CTD,2012,48.0,5.468,30.96,-0.7550225840000001,5.0,-0.292,33.03,1.9169226119999998,3.0,0.145971727,2.351375257,8.658813687,1.237607747
CH-L02-2012,CH-L02,71.5,-166.9252445683719,111.0,CTD,2012,46.0,4.538,30.986,-0.7985076959999999,5.0,0.312,32.714,1.8180767780000002,5.0,0.142542851,2.4765384,9.482615673,1.28
CH-L02.5-2012,CH-L02.5,71.5,-166.14532,112.0,CTD,2012,44.0,3.596,30.569000000000003,-0.271768371,5.0,-0.222,32.782,1.326087105,3.0,0.151788498,2.9704144660000003,9.131812525,0.9
CH-L03-2012,CH-L03,71.5,-165.350489136744,113.0,CTD,2012,40.0,2.988,30.432,-0.94160854,5.0,0.196,32.778,1.391281903,5.0,0.158074656,3.222867846,8.649277426,0.8
CH-L04.5-2012,CH-L04.5,71.5,-162.9834933333333,115.0,CTD,2012,,,,,,,,,,,,,
CH-L05-2012,CH-L05,71.5,-162.200978273488,116.0,CTD,2012,46.0,1.6340000000000001,29.461,0.126261655,1.0,-1.6440000000000001,33.358000000000004,1.9058472469999999,3.0,0.16792010899999998,3.2809112160000002,9.654014709,1.47
CH-L06-2012,CH-L06,71.5,-160.62622284186,117.0,CTD,2012,46.0,3.5789999999999997,29.441,-0.301105093,1.0,-1.665,33.361,2.373622123,3.0,0.168885381,3.589059119,9.557719393,1.19
CH-L07-2012,CH-L07,71.5,-159.051467410231,124.0,CTD,2012,51.0,1.804,27.401,0.23111172100000002,1.0,-1.6969999999999998,33.330999999999996,3.0194487999999997,3.0,0.17849943,3.17805383,9.447221814,1.15
CH-L08-2012,CH-L08,71.5,-157.476711978602,123.0,CTD,2012,98.0,5.027,29.874000000000002,0.086177696,1.0,-1.3319999999999999,33.103,2.187174241,3.0,0.134270579,3.7208625,9.87724658,1.64
CH-M01-2012,CH-M01,72.0,-168.5,109.0,CTD,2012,51.0,3.4539999999999997,29.541,-0.210721031,1.0,-0.518,33.15,2.5771819259999997,3.0,0.16128747699999998,3.514526067,10.02932483,1.331742426
CH-M01.5-2012,CH-M01.5,72.0,-167.68282833333336,110.0,CTD,2012,50.0,5.141,31.034000000000002,0.596586721,5.0,-0.369,33.071,2.743473802,3.0,0.144944154,3.1863526330000003,9.717509969,1.03
CH-M02-2012,CH-M02,72.0,-166.88300774365206,95.0,CTD,2012,48.0,5.172000000000001,30.309,-0.820980552,5.0,-0.723,32.986,1.678963975,3.0,0.15702369,3.0864866369999997,9.717509969,1.03
CH-M03-2012,CH-M03,72.0,-165.266015487304,97.0,CTD,2012,42.0,4.87,30.322,-0.527632742,5.0,-0.26899999999999996,32.946,1.9544450519999998,3.0,0.15962269099999998,3.314186005,8.959352655,0.71
CH-M04-2012,CH-M04,72.0,-163.649023230956,99.0,CTD,2012,40.0,1.396,27.996,-0.153569853,1.0,-1.228,33.049,2.068127782,3.0,0.18318235300000002,3.1570004210000002,6.001666435,0.58
CH-M04.5-2012,CH-M04.5,72.0,-163.007205,100.0,CTD,2012,39.0,-0.58,27.548000000000002,-1.163800204,1.0,-1.528,33.203,3.3307320860000003,3.0,0.187630257,5.295312858,6.0382116560000005,0.41
CH-M06-2012,CH-M06,72.0,-160.41503871826,118.0,CTD,2012,39.0,0.040999999999999995,26.991,-0.562118918,1.0,-1.6540000000000001,32.972,2.841414913,3.0,0.19613370100000002,3.7208625,6.157921727000001,0.67
CH-M06.5-2012,CH-M06.5,72.0,-159.60758833333333,119.0,CTD,2012,,,,,,,,,,,,,
CH-M07.5-2012,CH-M07.5,72.0,-157.98794833333335,121.0,CTD,2012,41.0,0.069,26.968000000000004,0.624133586,1.0,-1.6980000000000002,33.24,1.9408544559999998,3.0,0.192718122,2.7080502010000003,6.431634669,1.326302701
CH-M08-2012,CH-M08,72.0,-157.181054205564,122.0,CTD,2012,89.0,2.272,28.101999999999997,0.39877612,1.0,-1.4780000000000002,33.22,2.206074193,3.0,0.149188249,2.674148649,5.866282856000001,0.934360025
CH-N01-2012,CH-N01,72.5,-168.5,108.0,CTD,2012,55.0,0.7659999999999999,28.406999999999996,-1.386294361,1.0,-1.5290000000000001,33.207,2.98517676,3.0,0.166429374,2.6878474939999997,8.077815797000001,1.099517068
CH-N01.5-2012,CH-N01.5,72.5,-167.66833666666668,107.0,CTD,2012,51.0,2.3080000000000003,28.993000000000002,-1.171182982,1.0,-0.381,33.213,2.281361457,3.0,0.166154282,1.9169226119999998,11.726799699999999,2.078607517
CH-N02.5-2012,CH-N02.5,72.5,-166.0066183333333,105.0,CTD,2012,50.0,2.4832131719999997,30.10095795,-1.8840072959999998,,-0.926012301,34.48666235,2.709325633,,0.146255308,1.5040773969999999,10.90538686,1.30232295
CH-N03-2012,CH-N03,72.5,-165.176625349563,104.0,CTD,2012,50.0,1.365,28.684,-0.040821995,1.0,-1.151,33.218,2.5787005290000002,3.0,0.167803829,2.104134154,9.899494937,1.56
CH-N03.5-2012,CH-N03.5,72.5,-164.34829666666664,103.0,CTD,2012,50.0,2.37,29.56,-1.016801807,1.0,-1.3430000000000002,33.268,3.85347768,3.0,0.161638478,2.3025850930000002,9.837174391,1.72
CH-N04-2012,CH-N04,72.5,-163.514938024345,102.0,CTD,2012,48.0,3.463,30.169,-1.078809661,5.0,-1.436,33.227,2.7868613819999997,3.0,0.157605472,2.58021683,9.182074091,1.626918315
CH-N05-2012,CH-N05,72.5,-162.65241833333332,101.0,CTD,2012,41.0,-0.58,29.99271244,-0.733969175,,-1.6980000000000002,32.72797884,1.9459101490000001,,0.228962054,2.219203484,8.33126641,1.02
NB-Q01-2012,NB-Q01,65.0,-169.0,126.0,CTD,2012,50.0,1.5830000000000002,32.954,3.083743151,5.0,1.263,32.965,3.1223649239999998,5.0,0.050297337000000004,4.543294782,3.54541958,0.2
NB-Q02-2012,NB-Q02,65.0,-168.0,127.0,CTD,2012,43.0,6.971,27.303,1.611435915,5.0,1.806,32.236999999999995,2.714032273,5.0,0.18192284399999997,2.9285235239999996,6.592478324,0.41
NB-R00-2012,NB-R00,64.5,-170.0,133.0,CTD,2012,46.0,4.585,31.826,1.08180517,5.0,-0.07400000000000001,32.383,2.569554124,2.0,0.11704232199999999,3.678829118,4.142463035,0.27
NB-R01-2012,NB-R01,64.5,-169.0,132.0,CTD,2012,42.0,1.264,32.528,2.327277706,5.0,0.434,32.666,3.089222617,5.0,0.08032998400000001,5.7878172039999995,3.42636834,0.28
NB-R02-2012,NB-R02,64.5,-168.0,131.0,CTD,2012,35.0,6.778,30.115,1.363537374,5.0,2.468,32.041,2.39059597,5.0,0.156184,4.234106505,4.028647416,0.23
NB-R03-2012,NB-R03,64.5,-167.0,130.0,CTD,2012,27.0,8.484368175,27.44938023,-1.2729656759999999,,5.799034296,30.8676849,1.366091654,,0.12097916,3.005682604,5.464667734,1.46
NB-R04-2012,NB-R04,64.38333333333334,-166.0,129.0,CTD,2012,25.0,8.907,19.985,-0.385662481,5.0,6.405,31.284000000000002,0.518793793,5.0,0.255259374,3.490428515,3.7752428069999997,1.08
NB-S00-2012,NB-S00,64.0,-170.0,134.0,CTD,2012,33.0,6.082000000000001,31.724,-2.407945609,5.0,5.149,31.857,0.858661619,5.0,0.091120862,3.465735903,4.774934555,0.08
NB-S01-2012,NB-S01,64.0,-169.0,136.0,CTD,2012,35.0,3.762,31.983,-2.407945609,5.0,0.672,32.485,2.598235335,5.0,0.11857733,5.428906936000001,3.32565783,0.21
NB-S02-2012,NB-S02,64.0,-168.0,137.0,CTD,2012,37.0,4.529,31.886,1.771556762,5.0,3.673,32.001,1.964311234,5.0,0.08535975900000001,3.284663565,4.912229636,0.22
NB-S03-2012,NB-S03,64.0,-167.0,138.0,CTD,2012,33.0,5.893,31.705,-1.560647748,5.0,3.486,31.958000000000002,2.13771045,5.0,0.10999060699999999,4.911183215,3.2264531610000002,1.22
NB-S04-2012,NB-S04,64.0,-166.0,139.0,CTD,2012,22.0,7.178999999999999,31.131999999999998,-1.021651248,6.0,6.865,31.228,-0.127833372,5.0,0.086706277,3.0106208860000003,4.67525681,1.045177463
NB-S05-2012,NB-S05,64.1,-164.5,145.0,CTD,2012,20.0,8.01,24.375999999999998,-0.44628710299999996,6.0,8.271,27.871,0.048790164000000004,6.0,0.19543916100000003,3.5751506889999995,3.45969762,1.074223212
NB-S06-2012,NB-S06,64.1,-163.5,144.0,CTD,2012,22.0,8.457,25.563000000000002,-0.46203546,6.0,9.136000000000001,29.331999999999997,1.036736885,6.0,0.195355384,3.83081295,4.716993307,0.086889391
NB-T02-2012,NB-T02,63.5,-168.0,140.0,CTD,2012,32.0,6.055,31.374000000000002,-2.995732274,5.0,1.083,32.175,1.4206957880000002,5.0,0.13470838699999999,3.828641396,2.803569154,1.18
NB-T03-2012,NB-T03,63.5,-167.0,142.0,CTD,2012,26.0,5.513999999999999,31.761,-1.9661128559999999,5.0,3.045,31.906,1.115141591,5.0,0.108804855,4.871373227,5.0417622280000005,0.316394395
NB-T04-2012,NB-T04,63.5,-166.0,143.0,CTD,2012,24.0,7.93,30.14,-1.897119985,6.0,5.249,31.485,1.378766095,5.0,0.157380845,2.208274414,6.790506135,0.823247575
NB-T05-2012,NB-T05,63.75,-164.5,147.0,CTD,2012,16.0,8.062999999999999,29.549,-0.616186139,6.0,8.06,29.568,-0.579818495,6.0,0.057206762,3.2695689389999996,2.046948949,0.27079351100000004
NB-T06-2012,NB-T06,63.75,-163.5,146.0,CTD,2012,15.0,8.629,28.456,0.425267735,6.0,8.629,28.451,0.39877612,6.0,0.0,3.517497837,2.046948949,0.08
NB-U02-2012,NB-U02,63.0,-167.75,150.0,CTD,2012,25.0,4.968,31.695,0.22314355100000002,5.0,4.968999999999999,31.726999999999997,0.182321557,5.0,0.057180036,4.657762636,4.701730765,0.56
NB-U04-2012,NB-U04,63.0,-166.0,148.0,CTD,2012,21.0,7.513,30.65,-1.7719568419999998,6.0,7.513,30.671999999999997,-0.010050336,6.0,0.055385669000000005,3.072693315,4.4444005980000005,0.931562184
NB-V01-2012,NB-V01,62.5,-169.0,151.0,CTD,2012,32.0,5.062,30.57,-0.46203546,5.0,3.451,31.805,1.098612289,5.0,0.139613931,2.727852828,3.822302971,0.16
NB-V02-2012,NB-V02,62.5,-168.0,152.0,CTD,2012,29.0,6.864,30.62,-0.713349888,5.0,3.0260000000000002,31.738000000000003,0.457424847,5.0,0.148128987,3.148453361,2.38153636,0.23507961
NB-V03-2012,NB-V03,62.5,-167.0,153.0,CTD,2012,35.0,7.773,29.859,-1.2729656759999999,6.0,5.06,31.401,0.285178942,5.0,0.148273379,3.60004824,7.404520279,0.724759396
NB-W01-2012,NB-W01,62.0,-169.0,157.0,CTD,2012,38.0,5.722,31.351,-1.171182982,5.0,3.202,31.529,-1.7147984280000002,5.0,0.10311628199999999,4.242764567,7.641334962,0.38
NB-W02-2012,NB-W02,62.0,-168.0,156.0,CTD,2012,28.0,6.675,31.179000000000002,-0.916290732,5.0,6.686,31.179000000000002,-1.386294361,5.0,0.0,3.7954891889999995,4.115397494,1.085067565
NB-W03-2012,NB-W03,62.0,-167.0,155.0,CTD,2012,30.0,8.211,30.564,-0.616186139,6.0,8.26,30.729,-0.713349888,6.0,0.082206802,3.194583132,4.052704026000001,0.4794233
NB-X01-2012,NB-X01,61.5,-169.0,158.0,CTD,2012,36.0,5.869,31.182,0.371563556,5.0,5.65,31.201,0.09531018,5.0,0.058795214000000005,3.893859035,5.204843738,0.6940870459999999
NB-X02-2012,NB-X02,61.5,-168.0,159.0,CTD,2012,28.0,7.735,31.018,-1.7147984280000002,6.0,7.728,31.021,-1.139434283,6.0,0.034397906,3.33220451,4.579301257,0.22
NB-X03-2012,NB-X03,61.5,-167.0,160.0,CTD,2012,23.0,8.439,30.750999999999998,-2.207274913,6.0,8.442,30.748,-2.207274913,6.0,0.0,3.210843653,6.73763224,0.952775374
NB-Y01-2012,NB-Y01,61.0,-169.0,162.0,CTD,2012,37.0,6.902,31.129,-0.597837001,5.0,6.907,31.129,0.029558802000000002,5.0,0.0,3.869115504,5.931609416000001,0.541309784
NB-Y02-2012,NB-Y02,61.0,-168.0,163.0,CTD,2012,28.0,7.407,31.055999999999997,-0.867500568,6.0,7.414,31.064,-1.560647748,6.0,0.038425022,3.3877743610000004,6.1339246229999995,0.082524452
NB-Z01-2012,NB-Z01,60.5,-169.0,165.0,CTD,2012,40.0,4.797,30.864,0.058268908,5.0,3.065,31.085,0.542324291,5.0,0.09694811,3.5085559,7.675712653,0.37828202299999997
NB-Z03-2012,NB-Z03,60.5,-167.0,166.0,CTD,2012,28.0,8.589,29.978,-0.9675840259999999,6.0,8.606,29.991999999999997,-1.139434283,6.0,0.043437268,4.082609306,3.476234867,0.41077888100000004
NB-ZZ02-2012,NB-ZZ02,60.0,-168.0,167.0,CTD,2012,26.0,7.2829999999999995,30.623,-1.347073648,6.0,7.291,30.625,-0.713349888,6.0,0.023967817000000002,3.9963641539999997,5.134742783,0.5824755220000001
CH-A01-2013,CH-A01,66.0,-168.5,2.0,CTD,2013,55.0,10.64,28.5,0.44468582100000004,6.0,3.58,31.95,0.647103242,5.0,0.16445971,3.2503744919999997,6.149510846,1.334269546
CH-A02-2013,CH-A02,66.0,-167.27151202424716,5.0,CTD,2013,15.0,10.65,29.24,-0.22314355100000002,6.0,8.74,30.28,0.418710335,6.0,0.173091905,0.955511445,2.372375632,1.366872881
CH-B01-2013,CH-B01,66.5,-168.5,11.0,CTD,2013,52.0,9.22,29.77,-1.171182982,6.0,4.05,31.82,0.343589704,5.0,0.149393367,3.000719815,7.489864282,0.778545649
CH-B02-2013,CH-B02,66.5,-167.24690249690434,9.0,CTD,2013,29.0,7.689211667,32.6981387,-0.287682072,,5.962909982,31.04390612,-0.342490309,,0.199966688,2.104134154,7.37060767,0.815111631
CH-B03-2013,CH-B03,66.5,-165.993804993809,6.0,CTD,2013,18.0,11.8,28.31,-3.506557897,6.0,9.16,30.06,-3.506557897,6.0,0.191308408,0.78845736,3.96968872,0.358493003
CH-C01-2013,CH-C01,67.0,-168.5,12.0,CTD,2013,39.0,7.14,30.61,-0.301105093,6.0,2.23,32.06,0.783901544,5.0,0.153360209,3.45946629,7.473285757,0.75
CH-C02-2013,CH-C02,67.0,-167.2211874378042,14.0,CTD,2013,39.0,4.78,32.19,-0.693147181,5.0,1.97,32.23,1.3270750009999999,5.0,0.094847827,3.688879454,6.64068078,0.8157020209999999
CH-C03-2013,CH-C03,67.0,-165.942374875608,17.0,CTD,2013,24.0,10.33,30.02,-0.47803580100000004,6.0,6.7,31.71,-2.995732274,5.0,0.171041179,2.2300144,2.800206312,0.561724929
CH-C04-2013,CH-C04,67.0,-164.663562313412,19.0,CTD,2013,27.0,12.76,29.39,0.09531018,6.0,6.65,31.43,-0.84397007,5.0,0.18322870100000002,1.791759469,3.215534902,0.516469705
CH-D01-2013,CH-D01,67.5,-168.5,29.0,CTD,2013,49.0,6.45,30.93,-1.2729656759999999,5.0,1.46,32.4,2.903616985,5.0,0.137912025,5.195730778,8.693100713,1.2
CH-D02-2013,CH-D02,67.5,-167.19429331368374,27.0,CTD,2013,46.0,4.57,32.29,-1.7147984280000002,5.0,2.32,32.46,2.607861474,5.0,0.095307405,4.109233175,8.407311863,1.459981612
CH-D03-2013,CH-D03,67.5,-165.888586627367,25.0,CTD,2013,40.0,7.39,31.73,-0.162518929,6.0,2.6,32.21,0.548121409,5.0,0.127502935,2.660259537,6.58930531,1.175271338
CH-D04-2013,CH-D04,67.5,-164.58287994105,21.0,CTD,2013,29.0,12.32,28.7,-0.010050336,6.0,5.98,31.58,-2.525728644,5.0,0.18978495399999998,2.3887627890000003,6.526867548999999,0.41
CH-E01-2013,CH-E01,68.0,-168.5,30.0,CTD,2013,58.0,4.86,32.37,1.047318994,5.0,1.26,32.75,3.113515309,5.0,0.10252754800000001,6.0330862220000006,8.452218644,1.26
CH-E02-2013,CH-E02,68.0,-167.1661399012698,34.0,CTD,2013,56.0,6.53,31.97,0.39877612,5.0,2.3,32.42,1.756132292,5.0,0.111787296,5.275560379,5.320714238,0.44
CH-E03-2013,CH-E03,68.0,-165.82,37.0,CTD,2013,28.0,11.61,27.83,-0.139262067,6.0,7.01,30.9,-0.186329578,6.0,0.19221599600000003,2.509599262,2.395278673,0.476695294
CH-F01-2013,CH-F01,68.5,-168.5,41.0,CTD,2013,51.0,5.996037798,33.18626961,-0.84397007,,3.0482031660000004,31.88594652,2.581730834,,0.127279595,4.4212473480000005,7.668399785,1.446484516
CH-F02-2013,CH-F02,68.5,-167.13663950927923,38.0,CTD,2013,35.0,10.43,28.57,-0.301105093,6.0,6.56,31.38,-1.30933332,5.0,0.179097748,3.148453361,6.421292459,0.7091479490000001
CH-G01-2013,CH-G01,69.0,-168.5,42.0,CTD,2013,52.0,7.14,31.4,0.636576829,6.0,2.25,32.27,2.2071749080000003,5.0,0.128276212,2.4932054530000003,9.972462083,1.5
CH-G02-2013,CH-G02,69.0,-167.105696090033,47.0,CTD,2013,46.0,9.03,29.81,-1.078809661,6.0,3.78,32.02,0.165514438,5.0,0.155075764,3.363841595,8.984430977999999,1.09
CH-G03-2013,CH-G03,69.0,-165.70791833333334,43.0,CTD,2013,20.0,9.31,29.62,0.39877612,6.0,8.01,30.7,-1.203972804,6.0,0.15828941300000002,1.824549292,2.046948949,0.420341045
CH-H01-2013,CH-H01,69.5,-168.5,62.0,CTD,2013,51.0,7.86,30.67,-2.3025850930000002,6.0,2.46,32.12,0.837247525,5.0,0.139862224,2.4932054530000003,8.513102384,1.138082552
CH-H02-2013,CH-H02,69.5,-167.0732042174865,59.0,CTD,2013,46.0,8.21,30.27,0.530628251,6.0,4.62,31.84,-1.609437912,5.0,0.14206135,2.809402695,5.641330694,0.46526187
CH-H04-2013,CH-H04,69.5,-164.21961265246,50.0,CTD,2013,22.0,9.23,28.38,-0.544727175,6.0,6.06,31.29,-1.386294361,5.0,0.201326127,1.960094784,3.265090608,0.08
CH-I01-2013,CH-I01,70.0,-168.5,63.0,CTD,2013,43.0,6.53,30.86,-2.407945609,5.0,-0.98,32.66,1.5539252030000001,3.0,0.149118934,1.589235205,7.20341982,1.443008259
CH-I02-2013,CH-I02,70.0,-167.03904791900405,67.0,CTD,2013,47.0,6.77,30.58,-1.7719568419999998,5.0,2.71,32.14,1.269760545,5.0,0.137511896,2.63188884,5.220136657,0.718541367
CH-I03-2013,CH-I03,70.0,-165.578095838008,69.0,CTD,2013,41.0,7.35,29.59,-1.660731207,6.0,3.5,32.07,-1.560647748,5.0,0.15711465800000002,2.809402695,6.4311740760000005,0.49
CH-I04-2013,CH-I04,70.0,-164.13529499999999,73.0,CTD,2013,31.0,4.97,31.05,-1.9661128559999999,5.0,3.77,31.86,0.862889955,5.0,0.12984953400000002,3.9569963710000002,3.367491648,0.16
CH-J01-2013,CH-J01,70.5,-168.5,89.0,CTD,2013,40.0,3.9265256180000003,32.16122642,-3.506557897,,0.170143378,32.29726462,-0.342490309,,0.156424104,2.163323026,5.439996989,0.80524548
CH-J02-2013,CH-J02,70.5,-167.003099320258,86.0,CTD,2013,50.0,4.7,31.69,-2.120263536,5.0,-0.71,32.49,0.732367894,3.0,0.13179891,2.066862759,3.78153408,0.78
CH-J03-2013,CH-J03,70.5,-165.506198640516,83.0,CTD,2013,43.0,6.37,30.33,-1.560647748,5.0,-0.56,32.4,1.17557333,3.0,0.15124659599999998,2.332143895,8.560373824,0.81
CH-J04-2013,CH-J04,70.5,-164.009297960774,74.0,CTD,2013,43.0,6.49,29.73,-2.207274913,5.0,-0.63,32.55,1.860974538,3.0,0.161743156,2.541601993,6.4039971620000005,1.084659139
CH-J05-2013,CH-J05,70.5,-162.512397281032,78.0,CTD,2013,34.0,2.7,28.8,-1.609437912,1.0,-0.79,32.62,1.902107526,3.0,0.180116057,2.104134154,4.765501023000001,0.28
CH-J06-2013,CH-J06,70.5,-161.00060166666665,75.0,CTD,2013,24.0,0.7,31.87,2.046401688,5.0,-1.25,32.62,2.3617969530000003,3.0,0.135012128,1.7227665980000002,2.415242147,0.85908902
CH-K01-2013,CH-K01,71.0,-168.5,96.0,CTD,2013,47.0,4.89,31.32,-2.813410717,5.0,-0.78,32.5,0.636576829,3.0,0.133694739,2.379546134,9.024965373999999,1.19
CH-K02-2013,CH-K02,71.0,-166.96521707968793,93.0,CTD,2013,46.0,4.57,30.79,-2.6592600369999997,5.0,0.59,32.2,1.2781522029999999,5.0,0.13571366,1.609437912,9.125787637,0.86
CH-K03-2013,CH-K03,71.0,-165.430434159376,90.0,CTD,2013,42.0,4.2,30.89,-2.995732274,5.0,-1.21,32.63,2.1994443340000003,3.0,0.141577545,2.660259537,7.079548008,0.52
CH-K04-2013,CH-K04,71.0,-163.895651239064,98.0,CTD,2013,43.0,3.12,29.7,-2.995732274,1.0,-1.39,32.67,2.106570209,3.0,0.16546602800000001,3.546739687,7.8025636810000005,0.76
CH-K05-2013,CH-K05,71.0,-162.360868318752,101.0,CTD,2013,46.0,-0.01,30.13751521,-2.525728644,,-0.078415101,33.26273535,2.583997552,,0.15745874,3.828641396,6.280923499,0.45
CH-K06-2013,CH-K06,71.0,-160.82608539844,103.0,CTD,2013,46.0,2.37,28.19,-1.347073648,1.0,-1.68,32.9,-0.7550225840000001,3.0,0.17507362699999998,3.194583132,5.627610505,0.6
CH-K07-2013,CH-K07,71.0,-159.291302478128,106.0,CTD,2013,54.0,3.83,30.46,-2.995732274,5.0,-1.64,32.89,2.737609003,3.0,0.144098552,3.845883203,3.797367509,0.6
CH-K08-2013,CH-K08,71.0,-157.77290666666667,110.0,CTD,2013,23.0,5.26,30.17,1.84738011,5.0,3.01,31.62,24.03,5.0,0.160414645,2.9444389789999996,4.135757652,0.09729538199999999
CH-L02.5-2013,CH-L02.5,71.5,-166.14532,126.0,CTD,2013,44.0,2.32,28.85,-3.506557897,1.0,-1.24,32.6,1.86872051,3.0,0.16779695,2.091864062,9.131812525,0.9
CH-L03-2013,CH-L03,71.5,-165.350489136744,124.0,CTD,2013,42.0,1.02,27.56,-2.6592600369999997,1.0,-1.49,32.72,2.657458415,3.0,0.180329171,2.079441542,8.649277426,0.8
CH-L04-2013,CH-L04,71.5,-163.775733705116,121.0,CTD,2013,44.0,-0.01,26.29,-2.3025850930000002,1.0,-1.56,32.73,2.559550193,3.0,0.187713465,3.6813511880000003,9.692780819,1.26
CH-L05-2013,CH-L05,71.5,-162.200978273488,119.0,CTD,2013,45.0,0.66,26.05,-1.7147984280000002,1.0,-1.64,32.74,2.8367365419999997,3.0,0.190860516,3.284663565,9.654014709,1.47
CH-L06-2013,CH-L06,71.5,-160.62622284186,117.0,CTD,2013,47.0,0.53,25.86,-1.7719568419999998,1.0,-1.67,32.76,2.7337179480000002,3.0,0.187761071,3.7796338169999997,9.557719393,1.19
CH-L07-2013,CH-L07,71.5,-159.051467410231,115.0,CTD,2013,53.0,3.08,27.1,-0.7765287890000001,1.0,-1.67,32.7,2.796671393,3.0,0.174913142,3.360375387,9.447221814,1.15
CH-L08-2013,CH-L08,71.5,-157.476711978602,111.0,CTD,2013,99.0,3.74,27.2,-1.9661128559999999,1.0,-1.55,32.76,2.598979106,3.0,0.14997480800000001,2.954910279,9.87724658,1.64
CH-M05-2013,CH-M05,72.0,-162.032030974608,129.0,CTD,2013,33.0,-0.01,25.45764124,-1.9661128559999999,,-1.28594738,32.83343095,2.173614712,,0.220546838,3.765840495,3.769615365,0.1
CH-M06-2013,CH-M06,72.0,-160.41503871826,133.0,CTD,2013,39.0,1.37,25.85,-2.207274913,1.0,-1.65,32.67,2.599722324,3.0,0.197133328,3.0106208860000003,6.48466067,1.6782560830000002
CH-M07-2013,CH-M07,72.0,-158.798046461912,140.0,CTD,2013,54.0,2.2,28.11,-2.207274913,1.0,-1.67,32.76,2.05284086,3.0,0.165971402,3.317815773,7.954555803,1.017706854
CH-M08-2013,CH-M08,72.0,-157.181054205564,136.0,CTD,2013,90.0,2.77,27.71,-1.897119985,1.0,-1.66,32.78,2.233235015,3.0,0.15193127,3.2657594110000003,7.490320745,1.332410038
CH-N05.5-2013,CH-N05.5,72.5,-161.86,148.0,CTD,2013,44.0,0.28,26.91,-1.078809661,1.0,-1.48,32.84,2.280339484,3.0,0.181808967,3.04927304,8.33126641,1.02
CH-N06-2013,CH-N06,72.5,-160.191563373909,145.0,CTD,2013,47.0,0.16,26.9,-1.7147984280000002,1.0,-1.64,32.56,2.542389085,3.0,0.18078235,3.238678452,10.56029805,1.209569629
CH-N07-2013,CH-N07,72.5,-158.52987604869,142.0,CTD,2013,54.0,1.81,26.9,-2.207274913,1.0,-1.65,32.66,2.6658383519999997,3.0,0.16959708399999998,3.440418095,10.43171454,1.45721645
NB-P02.5-2013,NB-P02.5,65.4,-168.0,1.0,CTD,2013,42.0,10.33,30.73,0.067658648,6.0,5.45,31.75,-0.44628710299999996,5.0,0.146771318,2.949688335,9.334880823999999,1.36
NB-Q01-2013,NB-Q01,65.0,-169.0,153.0,CTD,2013,50.0,4.95,31.75,-1.427116356,5.0,1.34,32.5,1.350667183,5.0,0.117658021,5.6326444470000006,3.54541958,0.2
NB-Q02-2013,NB-Q02,65.0,-168.0,154.0,CTD,2013,40.0,9.55,28.57,-2.813410717,6.0,1.96,31.78,-3.912023005,5.0,0.172635998,3.735285827,5.007425,0.23
NB-R00-2013,NB-R00,64.5,-170.0,159.0,CTD,2013,44.0,0.57,32.01,2.4932054530000003,5.0,0.13,32.06,2.574137784,5.0,0.062694887,2.803360381,4.142463035,0.27
NB-R01-2013,NB-R01,64.5,-169.0,158.0,CTD,2013,42.0,5.04,31.68,2.3466019780000003,5.0,1.73,32.17,1.075002423,5.0,0.11423114599999999,4.252771799,3.42636834,0.28
NB-R02-2013,NB-R02,64.5,-168.0,157.0,CTD,2013,36.0,7.23,31.33,-1.171182982,6.0,0.79,32.12,1.7595805709999999,5.0,0.14043799099999998,3.804437795,4.028647416,0.23
NB-R03-2013,NB-R03,64.5,-167.0,156.0,CTD,2013,28.0,8.26,30.64,-1.427116356,6.0,2.09,31.53,0.792992516,5.0,0.15859864,2.549445171,3.587225393,1.46
NB-R04-2013,NB-R04,64.38333333333334,-166.0,155.0,CTD,2013,25.0,9.95,28.01,-1.7147984280000002,6.0,8.96,30.72,0.693147181,6.0,0.179888872,2.517696473,4.782930523,1.08
NB-S00-2013,NB-S00,64.0,-170.0,160.0,CTD,2013,34.0,5.72,31.58,0.9439058990000001,5.0,5.57,31.6,1.095273387,5.0,0.057798431,4.120661871,4.774934555,0.39
NB-S01-2013,NB-S01,64.0,-169.0,161.0,CTD,2013,35.0,4.56,31.65,0.157003749,5.0,3.24,31.78,1.958685341,5.0,0.091974531,5.136386498999999,2.272007426,0.08
NB-S02-2013,NB-S02,64.0,-168.0,162.0,CTD,2013,37.0,5.87,31.51,-1.832581464,5.0,2.96,31.85,2.194999882,5.0,0.11617834199999999,5.285232127,4.912229636,0.22
NB-S03-2013,NB-S03,64.0,-167.0,163.0,CTD,2013,33.0,7.79,31.0,-1.2729656759999999,6.0,1.81,31.98,-1.7147984280000002,5.0,0.145888063,3.517497837,3.2264531610000002,1.22
NB-S04-2013,NB-S04,64.0,-166.0,164.0,CTD,2013,23.0,9.97,26.62,-0.693147181,6.0,9.43,30.64,-0.356674944,6.0,0.201352163,2.753660712,4.045830115,0.49029163299999995
NB-S05-2013,NB-S05,64.1,-164.5,166.0,CTD,2013,21.0,10.01,22.05,-0.47803580100000004,6.0,4.22,31.93,-0.494296322,5.0,0.26370872100000003,1.029619417,7.613520016,0.515135541
NB-S06-2013,NB-S06,64.1,-163.5,167.0,CTD,2013,21.0,10.03,25.61,0.086177696,6.0,6.72,30.78,0.086177696,5.0,0.24569789999999997,1.9169226119999998,2.046948949,0.572357679
NB-S07-2013,NB-S07,64.1,-162.5,168.0,CTD,2013,21.0,10.34,21.24,-0.733969175,6.0,10.01,24.03,-0.693147181,6.0,0.21053515,2.272125886,2.046948949,0.4939571
NB-T02-2013,NB-T02,63.5,-168.0,174.0,CTD,2013,33.0,5.32,31.15,-0.820980552,5.0,0.92,31.95,0.8501509290000001,5.0,0.136681415,3.222867846,2.803569154,1.18
NB-T03-2013,NB-T03,63.5,-167.0,173.0,CTD,2013,27.0,6.52,30.7,-2.120263536,5.0,1.35,31.94,-2.407945609,5.0,0.161383324,2.660259537,6.995136792,0.6672226529999999
NB-T04-2013,NB-T04,63.5,-166.0,172.0,CTD,2013,24.0,9.47,30.59,-1.897119985,6.0,9.38,30.62,-0.328504067,6.0,0.065396337,2.32238772,3.052228265,1.021036066
NB-T05-2013,NB-T05,63.75,-164.5,171.0,CTD,2013,15.0,10.52,26.57,-0.040821995,6.0,10.49,27.31,0.198850859,6.0,0.150472577,2.360854001,3.825975592,0.712978388
NB-T06-2013,NB-T06,63.75,-163.5,170.0,CTD,2013,15.0,10.13,23.61,0.19062036,6.0,9.33,29.15,0.412109651,6.0,0.250219391,2.48490665,5.132538482,0.50782454
NB-T07-2013,NB-T07,63.75,-162.5,169.0,CTD,2013,17.0,10.12,23.72,-0.342490309,6.0,7.12,28.85,0.058268908,6.0,0.24999712,2.370243741,2.046948949,0.08
NB-U02-2013,NB-U02,63.0,-167.75,175.0,CTD,2013,24.0,7.53,30.49,-2.407945609,6.0,0.83,31.51,0.048790164000000004,5.0,0.162833969,2.272125886,3.1625623,0.56
NB-U03-2013,NB-U03,63.0,-167.0,176.0,CTD,2013,26.0,9.01,30.45,-1.897119985,6.0,6.69,31.0,-0.314710745,5.0,0.136537265,2.219203484,4.000634328,1.16
NB-U04-2013,NB-U04,63.0,-166.0,177.0,CTD,2013,21.0,9.24,28.29,-1.660731207,6.0,9.51,30.28,-1.897119985,6.0,0.186985051,1.7227665980000002,4.657405573999999,1.0216984059999998
NB-V00-2013,NB-V00,62.5,-170.0,181.0,CTD,2013,36.0,9.242491324,29.18160091,-4.6051701860000005,,0.096921131,31.82780526,-0.597837001,,0.15488559,3.1267605360000004,8.730979327,0.62
NB-V01-2013,NB-V01,62.5,-169.0,180.0,CTD,2013,32.0,7.04,30.63,-1.427116356,6.0,-0.25,31.97,1.266947603,2.0,0.155700111,2.066862759,3.822302971,0.16
NB-V02-2013,NB-V02,62.5,-168.0,179.0,CTD,2013,29.0,7.42,30.39,-3.218875825,6.0,-0.23,31.6,0.488580015,2.0,0.165803274,2.219203484,4.487730607,0.330159548
NB-V03-2013,NB-V03,62.5,-167.0,178.0,CTD,2013,32.0,8.49,30.02,-2.120263536,6.0,2.67,31.04,-2.040220829,5.0,0.160996511,2.104134154,4.990408086,0.838238465
NB-W00-2013,NB-W00,62.0,-170.0,182.0,CTD,2013,45.0,7.66,30.24,-1.832581464,6.0,-1.14,31.39,1.7934247490000002,2.0,0.13965525199999998,2.901421594,8.615103017000001,0.53
NB-W01-2013,NB-W01,62.0,-169.0,183.0,CTD,2013,38.0,8.45,30.03,-2.995732274,6.0,-0.62,31.41,0.652325186,2.0,0.156606184,3.2347491739999996,7.641334962,0.38
NB-W02-2013,NB-W02,62.0,-168.0,184.0,CTD,2013,28.0,8.27,30.0,-2.3025850930000002,6.0,3.71,30.89,-2.813410717,5.0,0.154469565,2.163323026,3.8642060839999997,1.07692342
NB-W03-2013,NB-W03,62.0,-167.0,185.0,CTD,2013,29.0,9.13,30.3,-2.525728644,6.0,6.92,31.05,-2.995732274,5.0,0.142710875,2.341805806,2.731036791,1.5344095930000001
NB-X00-2013,NB-X00,61.5,-170.0,189.0,CTD,2013,45.0,7.75,30.12,-1.7147984280000002,6.0,-0.86,31.08,1.444563269,2.0,0.136346324,4.518522379,7.458124315,0.104655706
NB-X01-2013,NB-X01,61.5,-169.0,188.0,CTD,2013,36.0,7.67,30.25,-1.139434283,6.0,0.91,31.01,0.824175443,5.0,0.141861241,3.000719815,3.083771501,0.463690448
NB-X02-2013,NB-X02,61.5,-168.0,187.0,CTD,2013,28.0,8.28,30.51,-2.120263536,6.0,8.28,30.51,-1.832581464,6.0,0.018988289,3.0301337000000004,4.579301257,0.22
NB-X03-2013,NB-X03,61.5,-167.0,186.0,CTD,2013,24.0,10.22,30.0,-1.2378743559999998,6.0,10.22,30.0,-1.30933332,6.0,0.02,3.303216973,5.3709391339999994,0.815380115
NB-Y00-2013,NB-Y00,61.0,-170.0,190.0,CTD,2013,47.0,7.98,30.15,-1.9661128559999999,6.0,-0.59,30.87,1.568615918,2.0,0.133924302,3.758871826,7.194109984,0.42426206
NB-Y01-2013,NB-Y01,61.0,-169.0,191.0,CTD,2013,38.0,6.1,30.35,-0.94160854,5.0,2.2,30.52,0.431782416,5.0,0.112013889,3.117949906,6.514561233999999,0.625254683
NB-Y02-2013,NB-Y02,61.0,-168.0,192.0,CTD,2013,29.0,8.78,30.47,-1.427116356,6.0,8.82,30.47,-1.171182982,6.0,0.0,2.797281335,4.566160622,0.633889776
NB-Y03-2013,NB-Y03,61.0,-167.0,193.0,CTD,2013,23.0,10.36,30.42,-2.6592600369999997,6.0,10.32,30.41,-1.7147984280000002,6.0,0.0,3.484312288,4.957954127,0.612381641
NB-Z02-2013,NB-Z02,60.5,-168.0,195.0,CTD,2013,29.0,9.3,30.7,-1.46967597,6.0,9.3,30.7,-1.560647748,6.0,0.019679897,3.8394523130000002,5.373784929,0.626829528
NB-Z03-2013,NB-Z03,60.5,-167.0,194.0,CTD,2013,27.0,9.32,30.6,-0.867500568,6.0,9.31,30.6,-0.94160854,6.0,0.030452616000000002,3.478158423,7.795291906,0.08
