profile_id,time,pressure,latitude,longitude,S_42,S_41,T_28,T2_35
,UTC,dbar,degrees_north,degrees_east,PSU,PSU,C,C
os1701l3c114_ctd,2017-09-19T16:13:44Z,0.0,69.49817,195.79984,31.5024,31.5007,5.2634,5.266
os1701l3c114_ctd,2017-09-19T16:13:44Z,1.0,69.49817,195.79984,31.5024,31.5007,5.2634,5.266
os1701l3c114_ctd,2017-09-19T16:13:44Z,2.0,69.49817,195.79984,31.5024,31.5007,5.2634,5.266
os1701l3c114_ctd,2017-09-19T16:13:44Z,3.0,69.49817,195.79984,31.5024,31.5007,5.2634,5.266
os1701l3c114_ctd,2017-09-19T16:13:44Z,4.0,69.49817,195.79984,31.5024,31.5007,5.2634,5.266
os1701l3c114_ctd,2017-09-19T16:13:44Z,5.0,69.49817,195.79984,31.5024,31.5007,5.2634,5.266
os1701l3c114_ctd,2017-09-19T16:13:44Z,6.0,69.49817,195.79984,31.5008,31.4976,5.2553,5.2537
os1701l3c114_ctd,2017-09-19T16:13:44Z,7.0,69.49817,195.79984,31.4992,31.4972,5.2526,5.2523
os1701l3c114_ctd,2017-09-19T16:13:44Z,8.0,69.49817,195.79984,31.4978,31.5022,5.2701,5.2646
os1701l3c114_ctd,2017-09-19T16:13:44Z,9.0,69.49817,195.79984,31.5071,31.5065,5.2864,5.2861
os1701l3c114_ctd,2017-09-19T16:13:44Z,10.0,69.49817,195.79984,31.5057,31.5061,5.29,5.2891
os1701l3c114_ctd,2017-09-19T16:13:44Z,11.0,69.49817,195.79984,31.5151,31.5166,5.317,5.3204
os1701l3c114_ctd,2017-09-19T16:13:44Z,12.0,69.49817,195.79984,31.5194,31.518,5.3255,5.3256
os1701l3c114_ctd,2017-09-19T16:13:44Z,13.0,69.49817,195.79984,31.5195,31.5175,5.329,5.3278
os1701l3c114_ctd,2017-09-19T16:13:44Z,14.0,69.49817,195.79984,31.52,31.5227,5.3472,5.345
os1701l3c114_ctd,2017-09-19T16:13:44Z,15.0,69.49817,195.79984,31.5244,31.5226,5.3519,5.3515
os1701l3c114_ctd,2017-09-19T16:13:44Z,16.0,69.49817,195.79984,31.5242,31.5223,5.3512,5.3513
os1701l3c114_ctd,2017-09-19T16:13:44Z,17.0,69.49817,195.79984,31.5245,31.5216,5.3486,5.3479
os1701l3c114_ctd,2017-09-19T16:13:44Z,18.0,69.49817,195.79984,31.5228,31.5222,5.3512,5.3526
os1701l3c114_ctd,2017-09-19T16:13:44Z,19.0,69.49817,195.79984,31.5238,31.5229,5.3543,5.3536
os1701l3c114_ctd,2017-09-19T16:13:44Z,20.0,69.49817,195.79984,31.5243,31.5225,5.3531,5.3527
os1701l3c114_ctd,2017-09-19T16:13:44Z,21.0,69.49817,195.79984,31.5241,31.5225,5.3532,5.353
os1701l3c114_ctd,2017-09-19T16:13:44Z,22.0,69.49817,195.79984,31.5243,31.5227,5.354,5.3536
os1701l3c114_ctd,2017-09-19T16:13:44Z,23.0,69.49817,195.79984,31.5241,31.5222,5.3537,5.3537
os1701l3c115_ctd,2017-09-19T17:08:56Z,0.0,69.50584,195.80383,31.4713,31.4673,5.2029,5.2044
os1701l3c115_ctd,2017-09-19T17:08:56Z,1.0,69.50584,195.80383,31.4713,31.4673,5.2029,5.2044
os1701l3c115_ctd,2017-09-19T17:08:56Z,2.0,69.50584,195.80383,31.4713,31.4673,5.2029,5.2044
os1701l3c115_ctd,2017-09-19T17:08:56Z,3.0,69.50584,195.80383,31.4713,31.4673,5.2029,5.2044
os1701l3c115_ctd,2017-09-19T17:08:56Z,4.0,69.50584,195.80383,31.4713,31.4673,5.2029,5.2044
os1701l3c115_ctd,2017-09-19T17:08:56Z,5.0,69.50584,195.80383,31.4713,31.4673,5.2029,5.2044
os1701l3c115_ctd,2017-09-19T17:08:56Z,6.0,69.50584,195.80383,31.4692,31.4703,5.2181,5.2221
os1701l3c115_ctd,2017-09-19T17:08:56Z,7.0,69.50584,195.80383,31.4743,31.474,5.2406,5.2458
os1701l3c115_ctd,2017-09-19T17:08:56Z,8.0,69.50584,195.80383,31.4839,31.4859,5.2875,5.2896
os1701l3c115_ctd,2017-09-19T17:08:56Z,9.0,69.50584,195.80383,31.4889,31.4888,5.3032,5.3054
os1701l3c115_ctd,2017-09-19T17:08:56Z,10.0,69.50584,195.80383,31.4946,31.4937,5.3302,5.3287
os1701l3c115_ctd,2017-09-19T17:08:56Z,11.0,69.50584,195.80383,31.4969,31.4958,5.3387,5.3388
os1701l3c115_ctd,2017-09-19T17:08:56Z,12.0,69.50584,195.80383,31.4983,31.4967,5.3428,5.3426
os1701l3c115_ctd,2017-09-19T17:08:56Z,13.0,69.50584,195.80383,31.4986,31.4967,5.3438,5.3438
os1701l3c115_ctd,2017-09-19T17:08:56Z,14.0,69.50584,195.80383,31.499,31.497,5.345,5.3449
os1701l3c115_ctd,2017-09-19T17:08:56Z,15.0,69.50584,195.80383,31.4989,31.4972,5.345,5.3448
os1701l3c115_ctd,2017-09-19T17:08:56Z,16.0,69.50584,195.80383,31.4989,31.4968,5.345,5.3446
os1701l3c115_ctd,2017-09-19T17:08:56Z,17.0,69.50584,195.80383,31.4991,31.4974,5.347,5.3469
os1701l3c115_ctd,2017-09-19T17:08:56Z,18.0,69.50584,195.80383,31.4995,31.4976,5.3483,5.3485
os1701l3c115_ctd,2017-09-19T17:08:56Z,19.0,69.50584,195.80383,31.5,31.4983,5.3502,5.3499
os1701l3c115_ctd,2017-09-19T17:08:56Z,20.0,69.50584,195.80383,31.5005,31.4986,5.3517,5.3514
os1701l3c116_ctd,2017-09-20T04:52:15Z,0.0,69.49783,194.367,30.9265,30.9239,6.8038,6.8047
os1701l3c116_ctd,2017-09-20T04:52:15Z,1.0,69.49783,194.367,30.9265,30.9239,6.8038,6.8047
os1701l3c116_ctd,2017-09-20T04:52:15Z,2.0,69.49783,194.367,30.9265,30.9239,6.8038,6.8047
os1701l3c116_ctd,2017-09-20T04:52:15Z,3.0,69.49783,194.367,30.9265,30.9239,6.8038,6.8047
os1701l3c116_ctd,2017-09-20T04:52:15Z,4.0,69.49783,194.367,30.9265,30.9239,6.8038,6.8047
os1701l3c116_ctd,2017-09-20T04:52:15Z,5.0,69.49783,194.367,30.9265,30.9239,6.8038,6.8047
os1701l3c116_ctd,2017-09-20T04:52:15Z,6.0,69.49783,194.367,30.9269,30.9244,6.8065,6.8065
os1701l3c116_ctd,2017-09-20T04:52:15Z,7.0,69.49783,194.367,30.9271,30.9243,6.8077,6.8068
os1701l3c116_ctd,2017-09-20T04:52:15Z,8.0,69.49783,194.367,30.9269,30.9242,6.8082,6.8078
os1701l3c116_ctd,2017-09-20T04:52:15Z,9.0,69.49783,194.367,30.927,30.9243,6.8085,6.808
os1701l3c116_ctd,2017-09-20T04:52:15Z,10.0,69.49783,194.367,30.9273,30.9244,6.8079,6.8071
os1701l3c116_ctd,2017-09-20T04:52:15Z,11.0,69.49783,194.367,30.9278,30.9249,6.8058,6.8051
os1701l3c116_ctd,2017-09-20T04:52:15Z,12.0,69.49783,194.367,30.9282,30.9257,6.8046,6.8047
os1701l3c116_ctd,2017-09-20T04:52:15Z,13.0,69.49783,194.367,30.9287,30.9263,6.8053,6.8041
os1701l3c116_ctd,2017-09-20T04:52:15Z,14.0,69.49783,194.367,30.9289,30.9263,6.804,6.8036
os1701l3c116_ctd,2017-09-20T04:52:15Z,15.0,69.49783,194.367,30.9302,30.9273,6.8042,6.8039
os1701l3c116_ctd,2017-09-20T04:52:15Z,16.0,69.49783,194.367,30.9296,30.9268,6.8044,6.804
os1701l3c116_ctd,2017-09-20T04:52:15Z,17.0,69.49783,194.367,30.9312,30.9283,6.8011,6.8009
os1701l3c116_ctd,2017-09-20T04:52:15Z,18.0,69.49783,194.367,30.9416,30.9352,6.7729,6.7687
os1701l3c116_ctd,2017-09-20T04:52:15Z,19.0,69.49783,194.367,30.9457,30.9425,6.7314,6.7327
os1701l3c116_ctd,2017-09-20T04:52:15Z,20.0,69.49783,194.367,30.9482,30.9453,6.7229,6.7225
os1701l3c116_ctd,2017-09-20T04:52:15Z,21.0,69.49783,194.367,30.951,30.9485,6.7242,6.7247
os1701l3c116_ctd,2017-09-20T04:52:15Z,22.0,69.49783,194.367,30.9565,30.953,6.7174,6.7164
os1701l3c116_ctd,2017-09-20T04:52:15Z,23.0,69.49783,194.367,30.9793,30.9737,6.7,6.6957
os1701l3c116_ctd,2017-09-20T04:52:15Z,24.0,69.49783,194.367,31.0085,31.0055,6.6471,6.6497
os1701l3c116_ctd,2017-09-20T04:52:15Z,25.0,69.49783,194.367,31.0292,31.0129,6.5605,6.5535
os1701l3c116_ctd,2017-09-20T04:52:15Z,26.0,69.49783,194.367,31.0199,31.0167,6.4787,6.4782
os1701l3c116_ctd,2017-09-20T04:52:15Z,27.0,69.49783,194.367,31.0228,31.0208,6.4832,6.4832
os1701l3c116_ctd,2017-09-20T04:52:15Z,28.0,69.49783,194.367,31.0329,31.0354,6.5091,6.5103
os1701l3c116_ctd,2017-09-20T04:52:15Z,29.0,69.49783,194.367,31.0705,31.0738,6.599,6.601
os1701l3c116_ctd,2017-09-20T04:52:15Z,30.0,69.49783,194.367,31.1184,31.1306,6.6697,6.666
os1701l3c116_ctd,2017-09-20T04:52:15Z,31.0,69.49783,194.367,31.2439,31.2902,6.724,6.7223
os1701l3c117_ctd,2017-09-20T16:10:31Z,0.0,69.4965,192.905,30.943,30.9403,6.4242,6.4227
os1701l3c117_ctd,2017-09-20T16:10:31Z,1.0,69.4965,192.905,30.943,30.9403,6.4242,6.4227
os1701l3c117_ctd,2017-09-20T16:10:31Z,2.0,69.4965,192.905,30.943,30.9403,6.4242,6.4227
os1701l3c117_ctd,2017-09-20T16:10:31Z,3.0,69.4965,192.905,30.943,30.9403,6.4242,6.4227
os1701l3c117_ctd,2017-09-20T16:10:31Z,4.0,69.4965,192.905,30.943,30.9403,6.4242,6.4227
os1701l3c117_ctd,2017-09-20T16:10:31Z,5.0,69.4965,192.905,30.943,30.9403,6.4242,6.4227
os1701l3c117_ctd,2017-09-20T16:10:31Z,6.0,69.4965,192.905,30.9429,30.9402,6.4231,6.4228
os1701l3c117_ctd,2017-09-20T16:10:31Z,7.0,69.4965,192.905,30.9428,30.9401,6.4213,6.4209
os1701l3c117_ctd,2017-09-20T16:10:31Z,8.0,69.4965,192.905,30.9431,30.94,6.4198,6.4182
os1701l3c117_ctd,2017-09-20T16:10:31Z,9.0,69.4965,192.905,30.9431,30.9396,6.4158,6.415
os1701l3c117_ctd,2017-09-20T16:10:31Z,10.0,69.4965,192.905,30.9419,30.9396,6.4126,6.4124
os1701l3c117_ctd,2017-09-20T16:10:31Z,11.0,69.4965,192.905,30.9419,30.9392,6.4113,6.4108
os1701l3c117_ctd,2017-09-20T16:10:31Z,12.0,69.4965,192.905,30.943,30.9408,6.4168,6.419
os1701l3c117_ctd,2017-09-20T16:10:31Z,13.0,69.4965,192.905,30.9477,30.945,6.4272,6.4269
os1701l3c117_ctd,2017-09-20T16:10:31Z,14.0,69.4965,192.905,30.9492,30.9461,6.4224,6.421
os1701l3c117_ctd,2017-09-20T16:10:31Z,15.0,69.4965,192.905,30.9604,30.9583,6.4272,6.4323
os1701l3c117_ctd,2017-09-20T16:10:31Z,16.0,69.4965,192.905,31.0032,31.0024,6.4628,6.4651
os1701l3c117_ctd,2017-09-20T16:10:31Z,17.0,69.4965,192.905,31.0349,31.0345,6.4917,6.4936
os1701l3c117_ctd,2017-09-20T16:10:31Z,18.0,69.4965,192.905,31.0501,31.0474,6.4944,6.4938
os1701l3c117_ctd,2017-09-20T16:10:31Z,19.0,69.4965,192.905,31.0601,31.0577,6.4943,6.494
os1701l3c117_ctd,2017-09-20T16:10:31Z,20.0,69.4965,192.905,31.0636,31.0622,6.4992,6.4996
os1701l3c117_ctd,2017-09-20T16:10:31Z,21.0,69.4965,192.905,31.074,31.0729,6.5178,6.519
os1701l3c117_ctd,2017-09-20T16:10:31Z,22.0,69.4965,192.905,31.0801,31.0786,6.5241,6.5242
os1701l3c117_ctd,2017-09-20T16:10:31Z,23.0,69.4965,192.905,31.0973,31.0986,6.537,6.5373
os1701l3c117_ctd,2017-09-20T16:10:31Z,24.0,69.4965,192.905,31.1401,31.1445,6.5656,6.567
os1701l3c117_ctd,2017-09-20T16:10:31Z,25.0,69.4965,192.905,31.2761,31.2917,6.6207,6.6266
os1701l3c117_ctd,2017-09-20T16:10:31Z,26.0,69.4965,192.905,31.4257,31.4335,6.5764,6.5722
os1701l3c117_ctd,2017-09-20T16:10:31Z,27.0,69.4965,192.905,31.5812,31.5833,6.5982,6.5983
os1701l3c117_ctd,2017-09-20T16:10:31Z,28.0,69.4965,192.905,31.6116,31.6076,6.5706,6.5686
os1701l3c117_ctd,2017-09-20T16:10:31Z,29.0,69.4965,192.905,31.7588,31.7355,6.417,6.3968
os1701l3c117_ctd,2017-09-20T16:10:31Z,30.0,69.4965,192.905,31.9201,31.873,6.1016,6.0653
os1701l3c117_ctd,2017-09-20T16:10:31Z,31.0,69.4965,192.905,31.9368,31.9227,5.9627,5.9534
os1701l3c117_ctd,2017-09-20T16:10:31Z,32.0,69.4965,192.905,31.9471,31.9496,5.9063,5.9202
os1701l3c117_ctd,2017-09-20T16:10:31Z,33.0,69.4965,192.905,31.9796,31.9734,5.8424,5.8388
os1701l3c117_ctd,2017-09-20T16:10:31Z,34.0,69.4965,192.905,32.0137,32.0043,5.7935,5.7896
os1701l3c117_ctd,2017-09-20T16:10:31Z,35.0,69.4965,192.905,32.0271,32.0397,5.7647,5.7856
os1701l3c117_ctd,2017-09-20T16:10:31Z,36.0,69.4965,192.905,32.0945,32.094,5.8908,5.8934
os1701l3c117_ctd,2017-09-20T16:10:31Z,37.0,69.4965,192.905,32.1034,32.1022,5.8517,5.8557
os1701l3c117_ctd,2017-09-20T16:10:31Z,38.0,69.4965,192.905,32.1365,32.1126,5.6983,5.6847
os1701l3c117_ctd,2017-09-20T16:10:31Z,39.0,69.4965,192.905,32.1285,32.1247,5.4665,5.4913
os1701l3c117_ctd,2017-09-20T16:10:31Z,40.0,69.4965,192.905,32.1721,32.1686,5.4186,5.4184
os1701l3c117_ctd,2017-09-20T16:10:31Z,41.0,69.4965,192.905,32.2065,32.2185,5.3392,5.3525
os1701l3c118_ctd,2017-09-20T22:25:07Z,0.0,69.505,191.50734,31.1394,31.1368,6.7046,6.7038
os1701l3c118_ctd,2017-09-20T22:25:07Z,1.0,69.505,191.50734,31.1394,31.1368,6.7046,6.7038
os1701l3c118_ctd,2017-09-20T22:25:07Z,2.0,69.505,191.50734,31.1394,31.1368,6.7046,6.7038
os1701l3c118_ctd,2017-09-20T22:25:07Z,3.0,69.505,191.50734,31.1394,31.1368,6.7046,6.7038
os1701l3c118_ctd,2017-09-20T22:25:07Z,4.0,69.505,191.50734,31.1394,31.1368,6.7046,6.7038
os1701l3c118_ctd,2017-09-20T22:25:07Z,5.0,69.505,191.50734,31.1394,31.1368,6.7046,6.7038
os1701l3c118_ctd,2017-09-20T22:25:07Z,6.0,69.505,191.50734,31.1394,31.1368,6.7047,6.7044
os1701l3c118_ctd,2017-09-20T22:25:07Z,7.0,69.505,191.50734,31.1395,31.1369,6.7049,6.7044
os1701l3c118_ctd,2017-09-20T22:25:07Z,8.0,69.505,191.50734,31.1389,31.137,6.7059,6.7056
os1701l3c118_ctd,2017-09-20T22:25:07Z,9.0,69.505,191.50734,31.1401,31.1375,6.7055,6.706
os1701l3c118_ctd,2017-09-20T22:25:07Z,10.0,69.505,191.50734,31.1406,31.1379,6.7034,6.7031
os1701l3c118_ctd,2017-09-20T22:25:07Z,11.0,69.505,191.50734,31.1411,31.1378,6.7041,6.7023
os1701l3c118_ctd,2017-09-20T22:25:07Z,12.0,69.505,191.50734,31.1485,31.1457,6.6943,6.6938
os1701l3c118_ctd,2017-09-20T22:25:07Z,13.0,69.505,191.50734,31.1565,31.1507,6.6647,6.6626
os1701l3c118_ctd,2017-09-20T22:25:07Z,14.0,69.505,191.50734,31.1573,31.1533,6.6345,6.6323
os1701l3c118_ctd,2017-09-20T22:25:07Z,15.0,69.505,191.50734,31.1635,31.1584,6.6048,6.6006
os1701l3c118_ctd,2017-09-20T22:25:07Z,16.0,69.505,191.50734,31.1655,31.1585,6.5597,6.5582
os1701l3c118_ctd,2017-09-20T22:25:07Z,17.0,69.505,191.50734,31.1774,31.1733,6.5317,6.5297
os1701l3c118_ctd,2017-09-20T22:25:07Z,18.0,69.505,191.50734,31.1848,31.1818,6.52,6.5195
os1701l3c118_ctd,2017-09-20T22:25:07Z,19.0,69.505,191.50734,31.1884,31.1855,6.5183,6.5179
os1701l3c118_ctd,2017-09-20T22:25:07Z,20.0,69.505,191.50734,31.1902,31.1877,6.5182,6.5179
os1701l3c118_ctd,2017-09-20T22:25:07Z,21.0,69.505,191.50734,31.1919,31.189,6.5165,6.5162
os1701l3c118_ctd,2017-09-20T22:25:07Z,22.0,69.505,191.50734,31.1927,31.1899,6.5141,6.5136
os1701l3c118_ctd,2017-09-20T22:25:07Z,23.0,69.505,191.50734,31.1932,31.1906,6.5123,6.512
os1701l3c118_ctd,2017-09-20T22:25:07Z,24.0,69.505,191.50734,31.2106,31.2296,6.5447,6.5534
os1701l3c118_ctd,2017-09-20T22:25:07Z,25.0,69.505,191.50734,31.827,31.8615,7.0048,7.0186
os1701l3c118_ctd,2017-09-20T22:25:07Z,26.0,69.505,191.50734,32.0039,31.9739,6.7467,6.7324
os1701l3c118_ctd,2017-09-20T22:25:07Z,27.0,69.505,191.50734,32.0657,32.0369,6.3673,6.3543
os1701l3c118_ctd,2017-09-20T22:25:07Z,28.0,69.505,191.50734,32.0927,32.0674,6.0216,6.0084
os1701l3c118_ctd,2017-09-20T22:25:07Z,29.0,69.505,191.50734,32.1016,32.0874,5.7747,5.8084
os1701l3c118_ctd,2017-09-20T22:25:07Z,30.0,69.505,191.50734,32.1041,32.0876,5.6241,5.6159
os1701l3c118_ctd,2017-09-20T22:25:07Z,31.0,69.505,191.50734,32.1087,32.1078,5.6132,5.6133
os1701l3c118_ctd,2017-09-20T22:25:07Z,32.0,69.505,191.50734,32.1438,32.1443,5.6425,5.6457
os1701l3c118_ctd,2017-09-20T22:25:07Z,33.0,69.505,191.50734,32.177,32.1602,5.5622,5.5573
os1701l3c118_ctd,2017-09-20T22:25:07Z,34.0,69.505,191.50734,32.1845,32.1549,5.2821,5.2683
os1701l3c118_ctd,2017-09-20T22:25:07Z,35.0,69.505,191.50734,32.1784,32.1718,5.1084,5.1059
os1701l3c118_ctd,2017-09-20T22:25:07Z,36.0,69.505,191.50734,32.2279,32.2101,5.0013,4.9902
os1701l3c118_ctd,2017-09-20T22:25:07Z,37.0,69.505,191.50734,32.2762,32.2639,4.8971,4.8909
os1701l3c118_ctd,2017-09-20T22:25:07Z,38.0,69.505,191.50734,32.2922,32.2806,4.8283,4.823
os1701l3c118_ctd,2017-09-20T22:25:07Z,39.0,69.505,191.50734,32.294,32.2876,4.7923,4.7902
os1701l3c118_ctd,2017-09-20T22:25:07Z,40.0,69.505,191.50734,32.2974,32.2922,4.7729,4.7717
os1701l3c118_ctd,2017-09-20T22:25:07Z,41.0,69.505,191.50734,32.3044,32.2999,4.7546,4.7535
os1701l3c118_ctd,2017-09-20T22:25:07Z,42.0,69.505,191.50734,32.3381,32.3242,4.6967,4.6891
os1701l3c118_ctd,2017-09-20T22:25:07Z,43.0,69.505,191.50734,32.3638,32.354,4.6182,4.6134
os1701l3c118_ctd,2017-09-20T22:25:07Z,44.0,69.505,191.50734,32.3864,32.3777,4.5697,4.5653
os1701l3c118_ctd,2017-09-20T22:25:07Z,45.0,69.505,191.50734,32.4091,32.4012,4.5188,4.5145
os1701l3c118_ctd,2017-09-20T22:25:07Z,46.0,69.505,191.50734,32.4191,32.4159,4.4907,4.4909
os1701l3c118_ctd,2017-09-20T22:25:07Z,47.0,69.505,191.50734,32.423,32.4199,4.4847,4.4844
os1701l3c118_ctd,2017-09-20T22:25:07Z,48.0,69.505,191.50734,32.424,32.4212,4.4834,4.4834
os1701l3c118_ctd,2017-09-20T22:25:07Z,49.0,69.505,191.50734,32.4245,32.4216,4.4828,4.4828
os1701l3c118_ctd,2017-09-20T22:25:07Z,50.0,69.505,191.50734,32.4248,32.4209,4.4875,4.4853
os1701l3c119_ctd,2017-09-20T22:34:29Z,0.0,69.504,191.50883,31.1396,31.1377,6.6955,6.6911
os1701l3c119_ctd,2017-09-20T22:34:29Z,1.0,69.504,191.50883,31.1396,31.1377,6.6955,6.6911
os1701l3c119_ctd,2017-09-20T22:34:29Z,2.0,69.504,191.50883,31.1396,31.1377,6.6955,6.6911
os1701l3c119_ctd,2017-09-20T22:34:29Z,3.0,69.504,191.50883,31.1396,31.1377,6.6955,6.6911
os1701l3c119_ctd,2017-09-20T22:34:29Z,4.0,69.504,191.50883,31.1396,31.1377,6.6955,6.6911
os1701l3c119_ctd,2017-09-20T22:34:29Z,5.0,69.504,191.50883,31.1396,31.1377,6.6955,6.6911
os1701l3c119_ctd,2017-09-20T22:34:29Z,6.0,69.504,191.50883,31.1397,31.1387,6.7,6.6987
os1701l3c119_ctd,2017-09-20T22:34:29Z,7.0,69.504,191.50883,31.1413,31.1389,6.7014,6.698
os1701l3c119_ctd,2017-09-20T22:34:29Z,8.0,69.504,191.50883,31.1426,31.138,6.6948,6.6906
os1701l3c119_ctd,2017-09-20T22:34:29Z,9.0,69.504,191.50883,31.141,31.1381,6.6884,6.6879
os1701l3c119_ctd,2017-09-20T22:34:29Z,10.0,69.504,191.50883,31.1409,31.1381,6.6853,6.685
os1701l3c119_ctd,2017-09-20T22:34:29Z,11.0,69.504,191.50883,31.1431,31.1387,6.6756,6.6733
os1701l3c119_ctd,2017-09-20T22:34:29Z,12.0,69.504,191.50883,31.1431,31.1403,6.6632,6.6627
os1701l3c119_ctd,2017-09-20T22:34:29Z,13.0,69.504,191.50883,31.1468,31.1433,6.6548,6.6536
os1701l3c119_ctd,2017-09-20T22:34:29Z,14.0,69.504,191.50883,31.1543,31.1493,6.6403,6.638
os1701l3c119_ctd,2017-09-20T22:34:29Z,15.0,69.504,191.50883,31.1662,31.1512,6.5926,6.5861
os1701l3c119_ctd,2017-09-20T22:34:29Z,16.0,69.504,191.50883,31.1692,31.159,6.5227,6.5166
os1701l3c119_ctd,2017-09-20T22:34:29Z,17.0,69.504,191.50883,31.1709,31.169,6.5188,6.5316
os1701l3c119_ctd,2017-09-20T22:34:29Z,18.0,69.504,191.50883,31.1826,31.1803,6.5073,6.5077
os1701l3c119_ctd,2017-09-20T22:34:29Z,19.0,69.504,191.50883,31.1862,31.1846,6.5123,6.5118
os1701l3c119_ctd,2017-09-20T22:34:29Z,20.0,69.504,191.50883,31.1891,31.1865,6.5135,6.5134
os1701l3c119_ctd,2017-09-20T22:34:29Z,21.0,69.504,191.50883,31.1916,31.19,6.5147,6.5145
os1701l3c119_ctd,2017-09-20T22:34:29Z,22.0,69.504,191.50883,31.195,31.1923,6.513,6.5124
os1701l3c119_ctd,2017-09-20T22:34:29Z,23.0,69.504,191.50883,31.1967,31.1938,6.5085,6.5085
os1701l3c119_ctd,2017-09-20T22:34:29Z,24.0,69.504,191.50883,31.2679,31.3413,6.6332,6.6495
os1701l3c119_ctd,2017-09-20T22:34:29Z,25.0,69.504,191.50883,31.9014,31.9207,7.0182,7.0298
os1701l3c119_ctd,2017-09-20T22:34:29Z,26.0,69.504,191.50883,32.0589,31.9886,6.6584,6.6129
os1701l3c119_ctd,2017-09-20T22:34:29Z,27.0,69.504,191.50883,32.0856,32.0499,6.301,6.2813
os1701l3c119_ctd,2017-09-20T22:34:29Z,28.0,69.504,191.50883,32.1186,32.079,5.9522,5.9315
os1701l3c119_ctd,2017-09-20T22:34:29Z,29.0,69.504,191.50883,32.1181,32.0884,5.7196,5.7042
os1701l3c119_ctd,2017-09-20T22:34:29Z,30.0,69.504,191.50883,32.0986,32.0902,5.6162,5.6098
os1701l3c119_ctd,2017-09-20T22:34:29Z,31.0,69.504,191.50883,32.1029,32.1315,5.6861,5.6993
os1701l3c119_ctd,2017-09-20T22:34:29Z,32.0,69.504,191.50883,32.1864,32.1663,5.726,5.7219
os1701l3c119_ctd,2017-09-20T22:34:29Z,33.0,69.504,191.50883,32.1982,32.1568,5.4809,5.4611
os1701l3c119_ctd,2017-09-20T22:34:29Z,34.0,69.504,191.50883,32.2041,32.1535,5.197,5.1686
os1701l3c119_ctd,2017-09-20T22:34:29Z,35.0,69.504,191.50883,32.2091,32.1907,5.0508,5.0406
os1701l3c119_ctd,2017-09-20T22:34:29Z,36.0,69.504,191.50883,32.2603,32.2371,4.9334,4.9183
os1701l3c119_ctd,2017-09-20T22:34:29Z,37.0,69.504,191.50883,32.282,32.2718,4.8501,4.8455
os1701l3c119_ctd,2017-09-20T22:34:29Z,38.0,69.504,191.50883,32.2887,32.2817,4.8072,4.8047
os1701l3c119_ctd,2017-09-20T22:34:29Z,39.0,69.504,191.50883,32.2925,32.2868,4.7844,4.7827
os1701l3c119_ctd,2017-09-20T22:34:29Z,40.0,69.504,191.50883,32.2963,32.291,4.769,4.7675
os1701l3c119_ctd,2017-09-20T22:34:29Z,41.0,69.504,191.50883,32.3014,32.2976,4.7574,4.7569
os1701l3c119_ctd,2017-09-20T22:34:29Z,42.0,69.504,191.50883,32.3188,32.31,4.7261,4.7226
os1701l3c119_ctd,2017-09-20T22:34:29Z,43.0,69.504,191.50883,32.3473,32.3381,4.6535,4.6495
os1701l3c119_ctd,2017-09-20T22:34:29Z,44.0,69.504,191.50883,32.3854,32.3763,4.5686,4.5645
os1701l3c119_ctd,2017-09-20T22:34:29Z,45.0,69.504,191.50883,32.4125,32.4054,4.5092,4.5064
os1701l3c119_ctd,2017-09-20T22:34:29Z,46.0,69.504,191.50883,32.4206,32.4169,4.4881,4.4874
os1701l3c119_ctd,2017-09-20T22:34:29Z,47.0,69.504,191.50883,32.4226,32.4196,4.484,4.4838
os1701l3c119_ctd,2017-09-20T22:34:29Z,48.0,69.504,191.50883,32.4232,32.4205,4.483,4.4831
os1701l3c119_ctd,2017-09-20T22:34:29Z,49.0,69.504,191.50883,32.4247,32.4221,4.4823,4.4826
os1701l3c119_ctd,2017-09-20T22:34:29Z,50.0,69.504,191.50883,32.4264,32.4236,4.4809,4.4807
os1701l3c120_ctd,2017-09-20T23:06:04Z,0.0,69.505165,191.52766,31.1405,31.1257,6.697,6.6838
os1701l3c120_ctd,2017-09-20T23:06:04Z,1.0,69.505165,191.52766,31.1405,31.1257,6.697,6.6838
os1701l3c120_ctd,2017-09-20T23:06:04Z,2.0,69.505165,191.52766,31.1405,31.1257,6.697,6.6838
os1701l3c120_ctd,2017-09-20T23:06:04Z,3.0,69.505165,191.52766,31.1405,31.1257,6.697,6.6838
os1701l3c120_ctd,2017-09-20T23:06:04Z,4.0,69.505165,191.52766,31.1405,31.1257,6.697,6.6838
os1701l3c120_ctd,2017-09-20T23:06:04Z,5.0,69.505165,191.52766,31.1405,31.1257,6.697,6.6838
os1701l3c120_ctd,2017-09-20T23:06:04Z,6.0,69.505165,191.52766,31.143,31.1329,6.6862,6.6739
os1701l3c120_ctd,2017-09-20T23:06:04Z,7.0,69.505165,191.52766,31.1424,31.129,6.69,6.6724
os1701l3c120_ctd,2017-09-20T23:06:04Z,8.0,69.505165,191.52766,31.136,31.1348,6.6817,6.683
os1701l3c120_ctd,2017-09-20T23:06:04Z,9.0,69.505165,191.52766,31.1545,31.1452,6.6473,6.6386
os1701l3c120_ctd,2017-09-20T23:06:04Z,10.0,69.505165,191.52766,31.1586,31.1542,6.59,6.5877
os1701l3c120_ctd,2017-09-20T23:06:04Z,11.0,69.505165,191.52766,31.1619,31.1586,6.5781,6.5772
os1701l3c120_ctd,2017-09-20T23:06:04Z,12.0,69.505165,191.52766,31.1631,31.161,6.5761,6.576
os1701l3c120_ctd,2017-09-20T23:06:04Z,13.0,69.505165,191.52766,31.1642,31.1618,6.5793,6.5795
os1701l3c120_ctd,2017-09-20T23:06:04Z,14.0,69.505165,191.52766,31.1663,31.1638,6.582,6.5833
os1701l3c120_ctd,2017-09-20T23:06:04Z,15.0,69.505165,191.52766,31.1721,31.1669,6.5738,6.5723
os1701l3c120_ctd,2017-09-20T23:06:04Z,16.0,69.505165,191.52766,31.1758,31.1717,6.5377,6.5363
os1701l3c120_ctd,2017-09-20T23:06:04Z,17.0,69.505165,191.52766,31.1812,31.178,6.5254,6.5253
os1701l3c120_ctd,2017-09-20T23:06:04Z,18.0,69.505165,191.52766,31.1844,31.1821,6.5255,6.5251
os1701l3c120_ctd,2017-09-20T23:06:04Z,19.0,69.505165,191.52766,31.1857,31.1832,6.525,6.5247
os1701l3c120_ctd,2017-09-20T23:06:04Z,20.0,69.505165,191.52766,31.1862,31.1836,6.5252,6.5248
os1701l3c120_ctd,2017-09-20T23:06:04Z,21.0,69.505165,191.52766,31.1872,31.1855,6.5258,6.5254
os1701l3c120_ctd,2017-09-20T23:06:04Z,22.0,69.505165,191.52766,31.1896,31.1875,6.527,6.5269
os1701l3c120_ctd,2017-09-20T23:06:04Z,23.0,69.505165,191.52766,31.1905,31.1885,6.5293,6.5294
os1701l3c120_ctd,2017-09-20T23:06:04Z,24.0,69.505165,191.52766,31.1912,31.189,6.5355,6.5325
os1701l3c120_ctd,2017-09-20T23:06:04Z,25.0,69.505165,191.52766,31.5084,31.6165,6.8516,6.8798
os1701l3c120_ctd,2017-09-20T23:06:04Z,26.0,69.505165,191.52766,31.9635,31.9333,6.8875,6.8689
os1701l3c120_ctd,2017-09-20T23:06:04Z,27.0,69.505165,191.52766,32.0502,32.0152,6.5136,6.4925
os1701l3c120_ctd,2017-09-20T23:06:04Z,28.0,69.505165,191.52766,32.078,32.0638,6.2536,6.2462
os1701l3c120_ctd,2017-09-20T23:06:04Z,29.0,69.505165,191.52766,32.0987,32.0822,6.0316,6.0222
os1701l3c120_ctd,2017-09-20T23:06:04Z,30.0,69.505165,191.52766,32.1138,32.0909,5.8804,5.8685
os1701l3c120_ctd,2017-09-20T23:06:04Z,31.0,69.505165,191.52766,32.129,32.1356,5.8571,5.8589
os1701l3c120_ctd,2017-09-20T23:06:04Z,32.0,69.505165,191.52766,32.1748,32.1755,5.9362,5.9374
os1701l3c120_ctd,2017-09-20T23:06:04Z,33.0,69.505165,191.52766,32.1913,32.184,5.9157,5.9136
os1701l3c120_ctd,2017-09-20T23:06:04Z,34.0,69.505165,191.52766,32.2046,32.1743,5.7129,5.6996
os1701l3c120_ctd,2017-09-20T23:06:04Z,35.0,69.505165,191.52766,32.2003,32.1614,5.2479,5.2275
os1701l3c120_ctd,2017-09-20T23:06:04Z,36.0,69.505165,191.52766,32.2143,32.2019,5.0351,5.0287
os1701l3c120_ctd,2017-09-20T23:06:04Z,37.0,69.505165,191.52766,32.2648,32.2587,4.9241,4.9217
os1701l3c120_ctd,2017-09-20T23:06:04Z,38.0,69.505165,191.52766,32.2778,32.2727,4.8838,4.8827
os1701l3c120_ctd,2017-09-20T23:06:04Z,39.0,69.505165,191.52766,32.2814,32.2793,4.8738,4.874
os1701l3c120_ctd,2017-09-20T23:06:04Z,40.0,69.505165,191.52766,32.2932,32.2868,4.8492,4.8478
os1701l3c120_ctd,2017-09-20T23:06:04Z,41.0,69.505165,191.52766,32.2983,32.2924,4.7923,4.7908
os1701l3c120_ctd,2017-09-20T23:06:04Z,42.0,69.505165,191.52766,32.2994,32.2961,4.7686,4.7684
os1701l3c120_ctd,2017-09-20T23:06:04Z,43.0,69.505165,191.52766,32.317,32.3108,4.7303,4.7282
os1701l3c120_ctd,2017-09-20T23:06:04Z,44.0,69.505165,191.52766,32.3686,32.3578,4.6181,4.6126
os1701l3c120_ctd,2017-09-20T23:06:04Z,45.0,69.505165,191.52766,32.4089,32.4034,4.5153,4.5137
os1701l3c120_ctd,2017-09-20T23:06:04Z,46.0,69.505165,191.52766,32.4246,32.4214,4.4753,4.4761
os1701l3c120_ctd,2017-09-20T23:06:04Z,47.0,69.505165,191.52766,32.4288,32.4257,4.4665,4.466
os1701l3c120_ctd,2017-09-20T23:06:04Z,48.0,69.505165,191.52766,32.43,32.4272,4.464,4.4637
os1701l3c120_ctd,2017-09-20T23:06:04Z,49.0,69.505165,191.52766,32.4165,32.4231,4.4791,4.5043
os1701l3c121_ctd,2017-09-21T04:42:20Z,0.0,68.9915,191.49667,31.0318,31.0271,5.8268,5.8218
os1701l3c121_ctd,2017-09-21T04:42:20Z,1.0,68.9915,191.49667,31.0318,31.0271,5.8268,5.8218
os1701l3c121_ctd,2017-09-21T04:42:20Z,2.0,68.9915,191.49667,31.0318,31.0271,5.8268,5.8218
os1701l3c121_ctd,2017-09-21T04:42:20Z,3.0,68.9915,191.49667,31.0318,31.0271,5.8268,5.8218
os1701l3c121_ctd,2017-09-21T04:42:20Z,4.0,68.9915,191.49667,31.0318,31.0271,5.8268,5.8218
os1701l3c121_ctd,2017-09-21T04:42:20Z,5.0,68.9915,191.49667,31.0318,31.0271,5.8268,5.8218
os1701l3c121_ctd,2017-09-21T04:42:20Z,6.0,68.9915,191.49667,31.0314,31.0305,5.8225,5.8218
os1701l3c121_ctd,2017-09-21T04:42:20Z,7.0,68.9915,191.49667,31.0334,31.0306,5.8237,5.8239
os1701l3c121_ctd,2017-09-21T04:42:20Z,8.0,68.9915,191.49667,31.038,31.0358,5.8267,5.8262
os1701l3c121_ctd,2017-09-21T04:42:20Z,9.0,68.9915,191.49667,31.0917,31.0965,5.82,5.8203
os1701l3c121_ctd,2017-09-21T04:42:20Z,10.0,68.9915,191.49667,31.174,31.176,5.7977,5.7966
os1701l3c121_ctd,2017-09-21T04:42:20Z,11.0,68.9915,191.49667,31.1872,31.185,5.7946,5.7942
os1701l3c121_ctd,2017-09-21T04:42:20Z,12.0,68.9915,191.49667,31.1872,31.1853,5.79,5.7897
os1701l3c121_ctd,2017-09-21T04:42:20Z,13.0,68.9915,191.49667,31.1929,31.1895,5.7798,5.7788
os1701l3c121_ctd,2017-09-21T04:42:20Z,14.0,68.9915,191.49667,31.2292,31.2402,5.8506,5.86
os1701l3c121_ctd,2017-09-21T04:42:20Z,15.0,68.9915,191.49667,31.2722,31.2729,5.9044,5.8984
os1701l3c121_ctd,2017-09-21T04:42:20Z,16.0,68.9915,191.49667,31.3172,31.3196,5.9189,5.9187
os1701l3c121_ctd,2017-09-21T04:42:20Z,17.0,68.9915,191.49667,31.3525,31.3499,5.9106,5.9095
os1701l3c121_ctd,2017-09-21T04:42:20Z,18.0,68.9915,191.49667,31.4135,31.4177,5.8798,5.8809
os1701l3c121_ctd,2017-09-21T04:42:20Z,19.0,68.9915,191.49667,31.5095,31.5163,5.8405,5.8432
os1701l3c121_ctd,2017-09-21T04:42:20Z,20.0,68.9915,191.49667,31.7391,31.7271,5.7384,5.7247
os1701l3c121_ctd,2017-09-21T04:42:20Z,21.0,68.9915,191.49667,31.8872,31.8802,5.5593,5.555
os1701l3c121_ctd,2017-09-21T04:42:20Z,22.0,68.9915,191.49667,31.9494,31.9425,5.4224,5.4253
os1701l3c121_ctd,2017-09-21T04:42:20Z,23.0,68.9915,191.49667,32.0155,32.0039,5.2475,5.2402
os1701l3c121_ctd,2017-09-21T04:42:20Z,24.0,68.9915,191.49667,32.106,32.1107,5.107,5.119
os1701l3c121_ctd,2017-09-21T04:42:20Z,25.0,68.9915,191.49667,32.1789,32.1755,5.0121,5.0144
os1701l3c121_ctd,2017-09-21T04:42:20Z,26.0,68.9915,191.49667,32.1942,32.1943,4.9706,4.9833
os1701l3c121_ctd,2017-09-21T04:42:20Z,27.0,68.9915,191.49667,32.2516,32.2466,4.7911,4.8146
os1701l3c121_ctd,2017-09-21T04:42:20Z,28.0,68.9915,191.49667,32.3182,32.2995,4.6393,4.6572
os1701l3c121_ctd,2017-09-21T04:42:20Z,29.0,68.9915,191.49667,32.3133,32.3164,4.4105,4.4642
os1701l3c121_ctd,2017-09-21T04:42:20Z,30.0,68.9915,191.49667,32.3815,32.4089,4.6129,4.5959
os1701l3c121_ctd,2017-09-21T04:42:20Z,31.0,68.9915,191.49667,32.4332,32.4332,4.6931,4.6982
os1701l3c121_ctd,2017-09-21T04:42:20Z,32.0,68.9915,191.49667,32.4556,32.4544,4.7225,4.7226
os1701l3c121_ctd,2017-09-21T04:42:20Z,33.0,68.9915,191.49667,32.4795,32.4798,4.6917,4.698
os1701l3c121_ctd,2017-09-21T04:42:20Z,34.0,68.9915,191.49667,32.518,32.5228,4.6793,4.6771
os1701l3c121_ctd,2017-09-21T04:42:20Z,35.0,68.9915,191.49667,32.5676,32.5537,4.6613,4.6529
os1701l3c121_ctd,2017-09-21T04:42:20Z,36.0,68.9915,191.49667,32.5698,32.5701,4.5706,4.575
os1701l3c121_ctd,2017-09-21T04:42:20Z,37.0,68.9915,191.49667,32.5919,32.587,4.5802,4.5861
os1701l3c121_ctd,2017-09-21T04:42:20Z,38.0,68.9915,191.49667,32.5966,32.6004,4.576,4.5713
os1701l3c121_ctd,2017-09-21T04:42:20Z,39.0,68.9915,191.49667,32.6095,32.6105,4.601,4.5993
os1701l3c121_ctd,2017-09-21T04:42:20Z,40.0,68.9915,191.49667,32.6217,32.6197,4.6097,4.6102
os1701l3c121_ctd,2017-09-21T04:42:20Z,41.0,68.9915,191.49667,32.6297,32.623,4.5914,4.5908
os1701l3c121_ctd,2017-09-21T04:42:20Z,42.0,68.9915,191.49667,32.6271,32.6217,4.5255,4.5271
os1701l3c121_ctd,2017-09-21T04:42:20Z,43.0,68.9915,191.49667,32.6291,32.6274,4.5315,4.5343
os1701l3c121_ctd,2017-09-21T04:42:20Z,44.0,68.9915,191.49667,32.6467,32.6318,4.4868,4.4767
os1701l3c121_ctd,2017-09-21T04:42:20Z,45.0,68.9915,191.49667,32.6425,32.6413,4.3561,4.3585
os1701l3c122_ctd,2017-09-21T16:07:15Z,0.0,68.99783,192.899,30.8021,30.799,6.1743,6.1729
os1701l3c122_ctd,2017-09-21T16:07:15Z,1.0,68.99783,192.899,30.8021,30.799,6.1743,6.1729
os1701l3c122_ctd,2017-09-21T16:07:15Z,2.0,68.99783,192.899,30.8021,30.799,6.1743,6.1729
os1701l3c122_ctd,2017-09-21T16:07:15Z,3.0,68.99783,192.899,30.8021,30.799,6.1743,6.1729
os1701l3c122_ctd,2017-09-21T16:07:15Z,4.0,68.99783,192.899,30.8021,30.799,6.1743,6.1729
os1701l3c122_ctd,2017-09-21T16:07:15Z,5.0,68.99783,192.899,30.8021,30.799,6.1743,6.1729
os1701l3c122_ctd,2017-09-21T16:07:15Z,6.0,68.99783,192.899,30.801,30.7987,6.1757,6.1762
os1701l3c122_ctd,2017-09-21T16:07:15Z,7.0,68.99783,192.899,30.8019,30.7989,6.1752,6.1749
os1701l3c122_ctd,2017-09-21T16:07:15Z,8.0,68.99783,192.899,30.8023,30.7998,6.1759,6.176
os1701l3c122_ctd,2017-09-21T16:07:15Z,9.0,68.99783,192.899,30.8019,30.7998,6.1767,6.1758
os1701l3c122_ctd,2017-09-21T16:07:15Z,10.0,68.99783,192.899,30.8075,30.8053,6.1789,6.1793
os1701l3c122_ctd,2017-09-21T16:07:15Z,11.0,68.99783,192.899,30.8136,30.8103,6.1825,6.1816
os1701l3c122_ctd,2017-09-21T16:07:15Z,12.0,68.99783,192.899,30.8093,30.8065,6.1808,6.1803
os1701l3c122_ctd,2017-09-21T16:07:15Z,13.0,68.99783,192.899,30.8173,30.8124,6.1834,6.1837
os1701l3c122_ctd,2017-09-21T16:07:15Z,14.0,68.99783,192.899,30.8268,30.823,6.1877,6.1898
os1701l3c122_ctd,2017-09-21T16:07:15Z,15.0,68.99783,192.899,30.9174,30.9208,6.2146,6.2152
os1701l3c122_ctd,2017-09-21T16:07:15Z,16.0,68.99783,192.899,31.0851,31.1019,6.264,6.2644
os1701l3c122_ctd,2017-09-21T16:07:15Z,17.0,68.99783,192.899,31.1294,31.1274,6.2724,6.272
os1701l3c122_ctd,2017-09-21T16:07:15Z,18.0,68.99783,192.899,31.1352,31.1326,6.2723,6.2715
os1701l3c122_ctd,2017-09-21T16:07:15Z,19.0,68.99783,192.899,31.1379,31.1359,6.274,6.2733
os1701l3c122_ctd,2017-09-21T16:07:15Z,20.0,68.99783,192.899,31.141,31.1381,6.2761,6.2754
os1701l3c122_ctd,2017-09-21T16:07:15Z,21.0,68.99783,192.899,31.1427,31.1413,6.2776,6.2761
os1701l3c122_ctd,2017-09-21T16:07:15Z,22.0,68.99783,192.899,31.2449,31.237,6.3071,6.3121
os1701l3c122_ctd,2017-09-21T16:07:15Z,23.0,68.99783,192.899,31.5095,31.5085,6.2554,6.2436
os1701l3c122_ctd,2017-09-21T16:07:15Z,24.0,68.99783,192.899,31.8637,31.8664,5.8748,5.8872
os1701l3c122_ctd,2017-09-21T16:07:15Z,25.0,68.99783,192.899,32.0422,32.038,5.599,5.5935
os1701l3c122_ctd,2017-09-21T16:07:15Z,26.0,68.99783,192.899,32.1365,32.1361,5.4401,5.4456
os1701l3c122_ctd,2017-09-21T16:07:15Z,27.0,68.99783,192.899,32.2093,32.1967,5.3381,5.3273
os1701l3c122_ctd,2017-09-21T16:07:15Z,28.0,68.99783,192.899,32.251,32.2403,5.2632,5.2552
os1701l3c122_ctd,2017-09-21T16:07:15Z,29.0,68.99783,192.899,32.2782,32.2761,5.1958,5.1978
os1701l3c122_ctd,2017-09-21T16:07:15Z,30.0,68.99783,192.899,32.3107,32.3017,5.1508,5.145
os1701l3c122_ctd,2017-09-21T16:07:15Z,31.0,68.99783,192.899,32.3537,32.3441,5.0704,5.0641
os1701l3c122_ctd,2017-09-21T16:07:15Z,32.0,68.99783,192.899,32.4022,32.3935,4.9962,4.9902
os1701l3c122_ctd,2017-09-21T16:07:15Z,33.0,68.99783,192.899,32.4298,32.4198,4.944,4.9374
os1701l3c122_ctd,2017-09-21T16:07:15Z,34.0,68.99783,192.899,32.4419,32.4385,4.9055,4.9038
os1701l3c122_ctd,2017-09-21T16:07:15Z,35.0,68.99783,192.899,32.4511,32.4472,4.8817,4.8808
os1701l3c122_ctd,2017-09-21T16:07:15Z,36.0,68.99783,192.899,32.4533,32.4505,4.8766,4.8759
os1701l3c122_ctd,2017-09-21T16:07:15Z,37.0,68.99783,192.899,32.4562,32.4535,4.8727,4.8721
os1701l3c122_ctd,2017-09-21T16:07:15Z,38.0,68.99783,192.899,32.4585,32.4557,4.8695,4.8689
os1701l3c122_ctd,2017-09-21T16:07:15Z,39.0,68.99783,192.899,32.4604,32.4574,4.8657,4.865
os1701l3c122_ctd,2017-09-21T16:07:15Z,40.0,68.99783,192.899,32.4698,32.4733,4.8305,4.8462
os1701l3c122_ctd,2017-09-21T16:07:15Z,41.0,68.99783,192.899,32.5424,32.537,4.7042,4.7018
os1701l3c122_ctd,2017-09-21T16:07:15Z,42.0,68.99783,192.899,32.5664,32.5658,4.6449,4.6477
os1701l3c123_ctd,2017-09-21T19:05:46Z,0.0,68.99783,192.89333,30.7906,30.7867,6.1741,6.1742
os1701l3c123_ctd,2017-09-21T19:05:46Z,1.0,68.99783,192.89333,30.7906,30.7867,6.1741,6.1742
os1701l3c123_ctd,2017-09-21T19:05:46Z,2.0,68.99783,192.89333,30.7906,30.7867,6.1741,6.1742
os1701l3c123_ctd,2017-09-21T19:05:46Z,3.0,68.99783,192.89333,30.7906,30.7867,6.1741,6.1742
os1701l3c123_ctd,2017-09-21T19:05:46Z,4.0,68.99783,192.89333,30.7906,30.7867,6.1741,6.1742
os1701l3c123_ctd,2017-09-21T19:05:46Z,5.0,68.99783,192.89333,30.7906,30.7867,6.1741,6.1742
os1701l3c123_ctd,2017-09-21T19:05:46Z,6.0,68.99783,192.89333,30.7869,30.7841,6.1723,6.1717
os1701l3c123_ctd,2017-09-21T19:05:46Z,7.0,68.99783,192.89333,30.7857,30.7827,6.1716,6.1707
os1701l3c123_ctd,2017-09-21T19:05:46Z,8.0,68.99783,192.89333,30.7839,30.7813,6.1706,6.1701
os1701l3c123_ctd,2017-09-21T19:05:46Z,9.0,68.99783,192.89333,30.7842,30.7811,6.1706,6.1702
os1701l3c123_ctd,2017-09-21T19:05:46Z,10.0,68.99783,192.89333,30.7952,30.7907,6.1746,6.1742
os1701l3c123_ctd,2017-09-21T19:05:46Z,11.0,68.99783,192.89333,30.7862,30.783,6.171,6.1702
os1701l3c123_ctd,2017-09-21T19:05:46Z,12.0,68.99783,192.89333,30.7865,30.7838,6.1714,6.1706
os1701l3c123_ctd,2017-09-21T19:05:46Z,13.0,68.99783,192.89333,30.7989,30.7917,6.1745,6.1781
os1701l3c123_ctd,2017-09-21T19:05:46Z,14.0,68.99783,192.89333,30.8111,30.8041,6.1806,6.1846
os1701l3c123_ctd,2017-09-21T19:05:46Z,15.0,68.99783,192.89333,30.8572,30.8648,6.197,6.1947
os1701l3c123_ctd,2017-09-21T19:05:46Z,16.0,68.99783,192.89333,30.9114,30.9263,6.2121,6.2099
os1701l3c123_ctd,2017-09-21T19:05:46Z,17.0,68.99783,192.89333,31.0968,31.1052,6.2362,6.2365
os1701l3c123_ctd,2017-09-21T19:05:46Z,18.0,68.99783,192.89333,31.1431,31.151,6.2385,6.2368
os1701l3c123_ctd,2017-09-21T19:05:46Z,19.0,68.99783,192.89333,31.1692,31.1667,6.2361,6.2352
os1701l3c123_ctd,2017-09-21T19:05:46Z,20.0,68.99783,192.89333,31.1741,31.1723,6.2366,6.2358
os1701l3c123_ctd,2017-09-21T19:05:46Z,21.0,68.99783,192.89333,31.2459,31.2925,6.2469,6.2444
os1701l3c123_ctd,2017-09-21T19:05:46Z,22.0,68.99783,192.89333,31.5073,31.5462,6.2594,6.2532
os1701l3c123_ctd,2017-09-21T19:05:46Z,23.0,68.99783,192.89333,31.711,31.7077,6.0721,6.0716
os1701l3c123_ctd,2017-09-21T19:05:46Z,24.0,68.99783,192.89333,31.8469,31.8426,5.8637,5.8661
os1701l3c123_ctd,2017-09-21T19:05:46Z,25.0,68.99783,192.89333,32.0434,32.0178,5.6804,5.658
os1701l3c123_ctd,2017-09-21T19:05:46Z,26.0,68.99783,192.89333,32.1121,32.1108,5.4948,5.5002
os1701l3c123_ctd,2017-09-21T19:05:46Z,27.0,68.99783,192.89333,32.1966,32.1806,5.3972,5.3846
os1701l3c123_ctd,2017-09-21T19:05:46Z,28.0,68.99783,192.89333,32.2418,32.2252,5.2913,5.2791
os1701l3c123_ctd,2017-09-21T19:05:46Z,29.0,68.99783,192.89333,32.2903,32.283,5.2084,5.205
os1701l3c123_ctd,2017-09-21T19:05:46Z,30.0,68.99783,192.89333,32.3406,32.3349,5.1377,5.1339
os1701l3c123_ctd,2017-09-21T19:05:46Z,31.0,68.99783,192.89333,32.4207,32.396,5.0042,4.9846
os1701l3c123_ctd,2017-09-21T19:05:46Z,32.0,68.99783,192.89333,32.4413,32.4393,4.9037,4.9096
os1701l3c123_ctd,2017-09-21T19:05:46Z,33.0,68.99783,192.89333,32.4596,32.4558,4.8707,4.871
os1701l3c123_ctd,2017-09-21T19:05:46Z,34.0,68.99783,192.89333,32.4694,32.4653,4.8518,4.8499
os1701l3c123_ctd,2017-09-21T19:05:46Z,35.0,68.99783,192.89333,32.4733,32.4714,4.8421,4.8441
os1701l3c123_ctd,2017-09-21T19:05:46Z,36.0,68.99783,192.89333,32.4817,32.4786,4.8331,4.8326
os1701l3c123_ctd,2017-09-21T19:05:46Z,37.0,68.99783,192.89333,32.4838,32.4809,4.828,4.8273
os1701l3c123_ctd,2017-09-21T19:05:46Z,38.0,68.99783,192.89333,32.4871,32.4838,4.8218,4.8212
os1701l3c123_ctd,2017-09-21T19:05:46Z,39.0,68.99783,192.89333,32.5264,32.5108,4.763,4.7479
os1701l3c123_ctd,2017-09-21T19:05:46Z,40.0,68.99783,192.89333,32.5767,32.5763,4.6234,4.6311
os1701l3c123_ctd,2017-09-21T19:05:46Z,41.0,68.99783,192.89333,32.5798,32.5786,4.6195,4.6226
os1701l3c123_ctd,2017-09-21T19:05:46Z,42.0,68.99783,192.89333,32.5814,32.5759,4.6264,4.6272
os1701l3c125_ctd,2017-09-23T19:01:46Z,0.0,68.49783,192.8985,31.3183,31.3096,5.6803,5.6803
os1701l3c125_ctd,2017-09-23T19:01:46Z,1.0,68.49783,192.8985,31.3183,31.3096,5.6803,5.6803
os1701l3c125_ctd,2017-09-23T19:01:46Z,2.0,68.49783,192.8985,31.3183,31.3096,5.6803,5.6803
os1701l3c125_ctd,2017-09-23T19:01:46Z,3.0,68.49783,192.8985,31.3183,31.3096,5.6803,5.6803
os1701l3c125_ctd,2017-09-23T19:01:46Z,4.0,68.49783,192.8985,31.3183,31.3096,5.6803,5.6803
os1701l3c125_ctd,2017-09-23T19:01:46Z,5.0,68.49783,192.8985,31.3183,31.3096,5.6803,5.6803
os1701l3c125_ctd,2017-09-23T19:01:46Z,6.0,68.49783,192.8985,31.3204,31.3118,5.6803,5.6777
os1701l3c125_ctd,2017-09-23T19:01:46Z,7.0,68.49783,192.8985,31.319,31.3105,5.6836,5.6807
os1701l3c125_ctd,2017-09-23T19:01:46Z,8.0,68.49783,192.8985,31.3205,31.3156,5.6786,5.6776
os1701l3c125_ctd,2017-09-23T19:01:46Z,9.0,68.49783,192.8985,31.322,31.3186,5.6765,5.6755
os1701l3c125_ctd,2017-09-23T19:01:46Z,10.0,68.49783,192.8985,31.3229,31.3201,5.6746,5.6744
os1701l3c125_ctd,2017-09-23T19:01:46Z,11.0,68.49783,192.8985,31.3208,31.3193,5.675,5.6761
os1701l3c125_ctd,2017-09-23T19:01:46Z,12.0,68.49783,192.8985,31.3199,31.3167,5.6782,5.6775
os1701l3c125_ctd,2017-09-23T19:01:46Z,13.0,68.49783,192.8985,31.3273,31.3241,5.6705,5.6697
os1701l3c125_ctd,2017-09-23T19:01:46Z,14.0,68.49783,192.8985,31.3346,31.3263,5.6673,5.6606
os1701l3c125_ctd,2017-09-23T19:01:46Z,15.0,68.49783,192.8985,31.3415,31.3336,5.6544,5.6463
os1701l3c125_ctd,2017-09-23T19:01:46Z,16.0,68.49783,192.8985,31.3412,31.3373,5.6486,5.6454
os1701l3c125_ctd,2017-09-23T19:01:46Z,17.0,68.49783,192.8985,31.3438,31.3401,5.6418,5.6414
os1701l3c125_ctd,2017-09-23T19:01:46Z,18.0,68.49783,192.8985,31.3438,31.3405,5.639,5.6388
os1701l3c125_ctd,2017-09-23T19:01:46Z,19.0,68.49783,192.8985,31.3486,31.3427,5.6316,5.6273
os1701l3c125_ctd,2017-09-23T19:01:46Z,20.0,68.49783,192.8985,31.3545,31.3505,5.6032,5.6028
os1701l3c125_ctd,2017-09-23T19:01:46Z,21.0,68.49783,192.8985,31.3563,31.3521,5.6007,5.5994
os1701l3c125_ctd,2017-09-23T19:01:46Z,22.0,68.49783,192.8985,31.3582,31.3549,5.5942,5.5932
os1701l3c125_ctd,2017-09-23T19:01:46Z,23.0,68.49783,192.8985,31.3601,31.3571,5.5924,5.5916
os1701l3c125_ctd,2017-09-23T19:01:46Z,24.0,68.49783,192.8985,31.3614,31.3583,5.5915,5.5909
os1701l3c125_ctd,2017-09-23T19:01:46Z,25.0,68.49783,192.8985,31.3631,31.3601,5.5935,5.5933
os1701l3c125_ctd,2017-09-23T19:01:46Z,26.0,68.49783,192.8985,31.3931,31.395,5.6097,5.61
os1701l3c125_ctd,2017-09-23T19:01:46Z,27.0,68.49783,192.8985,31.3821,31.3809,5.6013,5.6007
os1701l3c125_ctd,2017-09-23T19:01:46Z,28.0,68.49783,192.8985,31.3564,31.3509,5.5893,5.589
os1701l3c126_ctd,2017-09-24T03:50:19Z,0.0,68.49433,191.48567,30.9244,30.9215,5.5545,5.5546
os1701l3c126_ctd,2017-09-24T03:50:19Z,1.0,68.49433,191.48567,30.9244,30.9215,5.5545,5.5546
os1701l3c126_ctd,2017-09-24T03:50:19Z,2.0,68.49433,191.48567,30.9244,30.9215,5.5545,5.5546
os1701l3c126_ctd,2017-09-24T03:50:19Z,3.0,68.49433,191.48567,30.9244,30.9215,5.5545,5.5546
os1701l3c126_ctd,2017-09-24T03:50:19Z,4.0,68.49433,191.48567,30.9244,30.9215,5.5545,5.5546
os1701l3c126_ctd,2017-09-24T03:50:19Z,5.0,68.49433,191.48567,30.9244,30.9215,5.5545,5.5546
os1701l3c126_ctd,2017-09-24T03:50:19Z,6.0,68.49433,191.48567,30.9245,30.9207,5.5546,5.5554
os1701l3c126_ctd,2017-09-24T03:50:19Z,7.0,68.49433,191.48567,30.9246,30.9213,5.5565,5.5558
os1701l3c126_ctd,2017-09-24T03:50:19Z,8.0,68.49433,191.48567,30.9244,30.9213,5.5579,5.5571
os1701l3c126_ctd,2017-09-24T03:50:19Z,9.0,68.49433,191.48567,30.9243,30.9209,5.5582,5.5573
os1701l3c126_ctd,2017-09-24T03:50:19Z,10.0,68.49433,191.48567,30.9242,30.921,5.5583,5.5576
os1701l3c126_ctd,2017-09-24T03:50:19Z,11.0,68.49433,191.48567,30.9245,30.9212,5.5582,5.5577
os1701l3c126_ctd,2017-09-24T03:50:19Z,12.0,68.49433,191.48567,30.9245,30.9207,5.5584,5.5576
os1701l3c126_ctd,2017-09-24T03:50:19Z,13.0,68.49433,191.48567,30.9243,30.9212,5.5587,5.5581
os1701l3c126_ctd,2017-09-24T03:50:19Z,14.0,68.49433,191.48567,30.9246,30.9211,5.5583,5.5573
os1701l3c126_ctd,2017-09-24T03:50:19Z,15.0,68.49433,191.48567,30.9243,30.9211,5.5577,5.5568
os1701l3c126_ctd,2017-09-24T03:50:19Z,16.0,68.49433,191.48567,30.9242,30.9211,5.5576,5.5571
os1701l3c126_ctd,2017-09-24T03:50:19Z,17.0,68.49433,191.48567,30.924,30.9208,5.5592,5.559
os1701l3c126_ctd,2017-09-24T03:50:19Z,18.0,68.49433,191.48567,30.9243,30.9212,5.5596,5.559
os1701l3c126_ctd,2017-09-24T03:50:19Z,19.0,68.49433,191.48567,30.9241,30.9207,5.5575,5.5569
os1701l3c126_ctd,2017-09-24T03:50:19Z,20.0,68.49433,191.48567,30.9251,30.9214,5.5581,5.5579
os1701l3c126_ctd,2017-09-24T03:50:19Z,21.0,68.49433,191.48567,30.9263,30.9235,5.56,5.5595
os1701l3c126_ctd,2017-09-24T03:50:19Z,22.0,68.49433,191.48567,30.9263,30.9229,5.561,5.5601
os1701l3c126_ctd,2017-09-24T03:50:19Z,23.0,68.49433,191.48567,30.9362,30.9329,5.5558,5.5548
os1701l3c126_ctd,2017-09-24T03:50:19Z,24.0,68.49433,191.48567,30.9521,30.9502,5.5475,5.5474
os1701l3c126_ctd,2017-09-24T03:50:19Z,25.0,68.49433,191.48567,31.3433,31.466,5.3433,5.3586
os1701l3c126_ctd,2017-09-24T03:50:19Z,26.0,68.49433,191.48567,32.2928,32.2825,4.9106,4.8971
os1701l3c126_ctd,2017-09-24T03:50:19Z,27.0,68.49433,191.48567,32.331,32.351,4.8547,4.863
os1701l3c126_ctd,2017-09-24T03:50:19Z,28.0,68.49433,191.48567,32.3852,32.3887,4.8407,4.838
os1701l3c126_ctd,2017-09-24T03:50:19Z,29.0,68.49433,191.48567,32.452,32.449,4.8657,4.8638
os1701l3c126_ctd,2017-09-24T03:50:19Z,30.0,68.49433,191.48567,32.489,32.4784,4.8081,4.8012
os1701l3c126_ctd,2017-09-24T03:50:19Z,31.0,68.49433,191.48567,32.5051,32.5019,4.7418,4.7455
os1701l3c126_ctd,2017-09-24T03:50:19Z,32.0,68.49433,191.48567,32.511,32.5054,4.6917,4.685
os1701l3c126_ctd,2017-09-24T03:50:19Z,33.0,68.49433,191.48567,32.5859,32.5762,4.665,4.6579
os1701l3c126_ctd,2017-09-24T03:50:19Z,34.0,68.49433,191.48567,32.6126,32.6079,4.5876,4.5871
os1701l3c126_ctd,2017-09-24T03:50:19Z,35.0,68.49433,191.48567,32.6152,32.6117,4.5799,4.5786
os1701l3c126_ctd,2017-09-24T03:50:19Z,36.0,68.49433,191.48567,32.6147,32.6117,4.5754,4.5748
os1701l3c126_ctd,2017-09-24T03:50:19Z,37.0,68.49433,191.48567,32.6149,32.6121,4.5756,4.5756
os1701l3c126_ctd,2017-09-24T03:50:19Z,38.0,68.49433,191.48567,32.6155,32.6125,4.5747,4.574
os1701l3c126_ctd,2017-09-24T03:50:19Z,39.0,68.49433,191.48567,32.6155,32.6127,4.5742,4.5738
os1701l3c126_ctd,2017-09-24T03:50:19Z,40.0,68.49433,191.48567,32.6155,32.6129,4.5741,4.5739
os1701l3c126_ctd,2017-09-24T03:50:19Z,41.0,68.49433,191.48567,32.6155,32.613,4.5742,4.5742
os1701l3c126_ctd,2017-09-24T03:50:19Z,42.0,68.49433,191.48567,32.6157,32.6131,4.5742,4.5739
os1701l3c127_ctd,2017-09-24T04:10:45Z,0.0,68.486664,191.46716,30.9053,30.9025,5.5545,5.5528
os1701l3c127_ctd,2017-09-24T04:10:45Z,1.0,68.486664,191.46716,30.9053,30.9025,5.5545,5.5528
os1701l3c127_ctd,2017-09-24T04:10:45Z,2.0,68.486664,191.46716,30.9053,30.9025,5.5545,5.5528
os1701l3c127_ctd,2017-09-24T04:10:45Z,3.0,68.486664,191.46716,30.9053,30.9025,5.5545,5.5528
os1701l3c127_ctd,2017-09-24T04:10:45Z,4.0,68.486664,191.46716,30.9053,30.9025,5.5545,5.5528
os1701l3c127_ctd,2017-09-24T04:10:45Z,5.0,68.486664,191.46716,30.9053,30.9025,5.5545,5.5528
os1701l3c127_ctd,2017-09-24T04:10:45Z,6.0,68.486664,191.46716,30.9038,30.9018,5.5556,5.5567
os1701l3c127_ctd,2017-09-24T04:10:45Z,7.0,68.486664,191.46716,30.9053,30.9018,5.5562,5.5554
os1701l3c127_ctd,2017-09-24T04:10:45Z,8.0,68.486664,191.46716,30.9047,30.9015,5.5564,5.5559
os1701l3c127_ctd,2017-09-24T04:10:45Z,9.0,68.486664,191.46716,30.9044,30.9014,5.5573,5.5568
os1701l3c127_ctd,2017-09-24T04:10:45Z,10.0,68.486664,191.46716,30.9048,30.9015,5.557,5.5564
os1701l3c127_ctd,2017-09-24T04:10:45Z,11.0,68.486664,191.46716,30.9046,30.9012,5.5575,5.5567
os1701l3c127_ctd,2017-09-24T04:10:45Z,12.0,68.486664,191.46716,30.9036,30.9008,5.5582,5.5581
os1701l3c127_ctd,2017-09-24T04:10:45Z,13.0,68.486664,191.46716,30.9035,30.9004,5.5589,5.5584
os1701l3c127_ctd,2017-09-24T04:10:45Z,14.0,68.486664,191.46716,30.9035,30.9003,5.5592,5.5586
os1701l3c127_ctd,2017-09-24T04:10:45Z,15.0,68.486664,191.46716,30.9039,30.9007,5.5586,5.558
os1701l3c127_ctd,2017-09-24T04:10:45Z,16.0,68.486664,191.46716,30.9033,30.8993,5.56,5.5591
os1701l3c127_ctd,2017-09-24T04:10:45Z,17.0,68.486664,191.46716,30.9032,30.8998,5.5601,5.5592
os1701l3c127_ctd,2017-09-24T04:10:45Z,18.0,68.486664,191.46716,30.9034,30.9001,5.56,5.5593
os1701l3c127_ctd,2017-09-24T04:10:45Z,19.0,68.486664,191.46716,30.9029,30.9,5.559,5.5583
os1701l3c127_ctd,2017-09-24T04:10:45Z,20.0,68.486664,191.46716,30.9036,30.9004,5.5586,5.5579
os1701l3c127_ctd,2017-09-24T04:10:45Z,21.0,68.486664,191.46716,30.904,30.9007,5.5579,5.5572
os1701l3c127_ctd,2017-09-24T04:10:45Z,22.0,68.486664,191.46716,30.9041,30.9009,5.5578,5.5572
os1701l3c127_ctd,2017-09-24T04:10:45Z,23.0,68.486664,191.46716,30.9028,30.9004,5.5585,5.5586
os1701l3c127_ctd,2017-09-24T04:10:45Z,24.0,68.486664,191.46716,30.9185,30.9251,5.5409,5.5432
os1701l3c127_ctd,2017-09-24T04:10:45Z,25.0,68.486664,191.46716,32.0881,32.0477,5.0958,4.9941
os1701l3c127_ctd,2017-09-24T04:10:45Z,26.0,68.486664,191.46716,32.3408,32.3252,4.889,4.8733
os1701l3c127_ctd,2017-09-24T04:10:45Z,27.0,68.486664,191.46716,32.3646,32.3559,4.8457,4.8408
os1701l3c127_ctd,2017-09-24T04:10:45Z,28.0,68.486664,191.46716,32.3677,32.3654,4.8275,4.8275
os1701l3c127_ctd,2017-09-24T04:10:45Z,29.0,68.486664,191.46716,32.3811,32.386,4.843,4.8474
os1701l3c127_ctd,2017-09-24T04:10:45Z,30.0,68.486664,191.46716,32.4108,32.4143,4.8728,4.8762
os1701l3c127_ctd,2017-09-24T04:10:45Z,31.0,68.486664,191.46716,32.4537,32.4432,4.8519,4.8441
os1701l3c127_ctd,2017-09-24T04:10:45Z,32.0,68.486664,191.46716,32.4734,32.4686,4.8001,4.799
os1701l3c127_ctd,2017-09-24T04:10:45Z,33.0,68.486664,191.46716,32.5887,32.5574,4.6369,4.6084
os1701l3c127_ctd,2017-09-24T04:10:45Z,34.0,68.486664,191.46716,32.6021,32.5975,4.5654,4.5639
os1701l3c127_ctd,2017-09-24T04:10:45Z,35.0,68.486664,191.46716,32.6011,32.5995,4.5613,4.5641
os1701l3c127_ctd,2017-09-24T04:10:45Z,36.0,68.486664,191.46716,32.6035,32.6009,4.5594,4.5599
os1701l3c127_ctd,2017-09-24T04:10:45Z,37.0,68.486664,191.46716,32.6052,32.6012,4.5585,4.5606
os1701l3c128_ctd,2017-09-25T04:16:35Z,0.0,67.996666,192.8145,32.1767,32.1757,5.1999,5.2027
os1701l3c128_ctd,2017-09-25T04:16:35Z,1.0,67.996666,192.8145,32.1767,32.1757,5.1999,5.2027
os1701l3c128_ctd,2017-09-25T04:16:35Z,2.0,67.996666,192.8145,32.1767,32.1757,5.1999,5.2027
os1701l3c128_ctd,2017-09-25T04:16:35Z,3.0,67.996666,192.8145,32.1767,32.1757,5.1999,5.2027
os1701l3c128_ctd,2017-09-25T04:16:35Z,4.0,67.996666,192.8145,32.1767,32.1757,5.1999,5.2027
os1701l3c128_ctd,2017-09-25T04:16:35Z,5.0,67.996666,192.8145,32.1767,32.1757,5.1999,5.2027
os1701l3c128_ctd,2017-09-25T04:16:35Z,6.0,67.996666,192.8145,32.1777,32.1741,5.2128,5.2105
os1701l3c128_ctd,2017-09-25T04:16:35Z,7.0,67.996666,192.8145,32.1767,32.1739,5.2116,5.2113
os1701l3c128_ctd,2017-09-25T04:16:35Z,8.0,67.996666,192.8145,32.1771,32.174,5.2109,5.2102
os1701l3c128_ctd,2017-09-25T04:16:35Z,9.0,67.996666,192.8145,32.1775,32.1741,5.2095,5.2085
os1701l3c128_ctd,2017-09-25T04:16:35Z,10.0,67.996666,192.8145,32.177,32.1746,5.2099,5.2089
os1701l3c128_ctd,2017-09-25T04:16:35Z,11.0,67.996666,192.8145,32.1775,32.1743,5.2105,5.2101
os1701l3c128_ctd,2017-09-25T04:16:35Z,12.0,67.996666,192.8145,32.1773,32.1747,5.2071,5.2045
os1701l3c128_ctd,2017-09-25T04:16:35Z,13.0,67.996666,192.8145,32.1756,32.1715,5.1254,5.1183
os1701l3c128_ctd,2017-09-25T04:16:35Z,14.0,67.996666,192.8145,32.1741,32.1727,5.114,5.126
os1701l3c128_ctd,2017-09-25T04:16:35Z,15.0,67.996666,192.8145,32.1763,32.1752,5.1445,5.1201
os1701l3c128_ctd,2017-09-25T04:16:35Z,16.0,67.996666,192.8145,32.1912,32.1733,5.09,5.0695
os1701l3c130_ctd,2017-09-25T17:29:57Z,0.0,67.47967,192.84117,32.3514,32.3489,3.5433,3.5435
os1701l3c130_ctd,2017-09-25T17:29:57Z,1.0,67.47967,192.84117,32.3514,32.3489,3.5433,3.5435
os1701l3c130_ctd,2017-09-25T17:29:57Z,2.0,67.47967,192.84117,32.3514,32.3489,3.5433,3.5435
os1701l3c130_ctd,2017-09-25T17:29:57Z,3.0,67.47967,192.84117,32.3514,32.3489,3.5433,3.5435
os1701l3c130_ctd,2017-09-25T17:29:57Z,4.0,67.47967,192.84117,32.3514,32.3489,3.5433,3.5435
os1701l3c130_ctd,2017-09-25T17:29:57Z,5.0,67.47967,192.84117,32.3514,32.3489,3.5433,3.5435
os1701l3c130_ctd,2017-09-25T17:29:57Z,6.0,67.47967,192.84117,32.3515,32.3491,3.5433,3.5428
os1701l3c130_ctd,2017-09-25T17:29:57Z,7.0,67.47967,192.84117,32.3513,32.3491,3.5432,3.5428
os1701l3c130_ctd,2017-09-25T17:29:57Z,8.0,67.47967,192.84117,32.3515,32.3491,3.5432,3.5433
os1701l3c130_ctd,2017-09-25T17:29:57Z,9.0,67.47967,192.84117,32.3514,32.3492,3.5439,3.5438
os1701l3c130_ctd,2017-09-25T17:29:57Z,10.0,67.47967,192.84117,32.3515,32.3494,3.5436,3.5437
os1701l3c130_ctd,2017-09-25T17:29:57Z,11.0,67.47967,192.84117,32.3515,32.3492,3.5433,3.5434
os1701l3c130_ctd,2017-09-25T17:29:57Z,12.0,67.47967,192.84117,32.3514,32.3491,3.5435,3.5436
os1701l3c130_ctd,2017-09-25T17:29:57Z,13.0,67.47967,192.84117,32.3517,32.3492,3.5436,3.5434
os1701l3c130_ctd,2017-09-25T17:29:57Z,14.0,67.47967,192.84117,32.3521,32.3495,3.5432,3.5431
os1701l3c130_ctd,2017-09-25T17:29:57Z,15.0,67.47967,192.84117,32.3517,32.3493,3.5431,3.5429
os1701l3c130_ctd,2017-09-25T17:29:57Z,16.0,67.47967,192.84117,32.3519,32.3493,3.543,3.5427
os1701l3c130_ctd,2017-09-25T17:29:57Z,17.0,67.47967,192.84117,32.3515,32.3489,3.5435,3.5432
os1701l3c130_ctd,2017-09-25T17:29:57Z,18.0,67.47967,192.84117,32.3515,32.349,3.5437,3.5436
os1701l3c130_ctd,2017-09-25T17:29:57Z,19.0,67.47967,192.84117,32.3515,32.3491,3.5438,3.5436
os1701l3c130_ctd,2017-09-25T17:29:57Z,20.0,67.47967,192.84117,32.3514,32.349,3.5432,3.5433
os1701l3c130_ctd,2017-09-25T17:29:57Z,21.0,67.47967,192.84117,32.3515,32.3491,3.5434,3.5435
os1701l3c130_ctd,2017-09-25T17:29:57Z,22.0,67.47967,192.84117,32.3517,32.3498,3.544,3.5442
os1701l3c130_ctd,2017-09-25T17:29:57Z,23.0,67.47967,192.84117,32.352,32.3495,3.544,3.5439
os1701l3c130_ctd,2017-09-25T17:29:57Z,24.0,67.47967,192.84117,32.3521,32.3497,3.5436,3.5437
os1701l3c130_ctd,2017-09-25T17:29:57Z,25.0,67.47967,192.84117,32.3528,32.3503,3.5437,3.5435
os1701l3c130_ctd,2017-09-25T17:29:57Z,26.0,67.47967,192.84117,32.3557,32.3524,3.5409,3.5398
os1701l3c130_ctd,2017-09-25T17:29:57Z,27.0,67.47967,192.84117,32.3701,32.3694,3.5173,3.521
os1701l3c130_ctd,2017-09-25T17:29:57Z,28.0,67.47967,192.84117,32.4688,32.4597,3.3948,3.3897
os1701l3c130_ctd,2017-09-25T17:29:57Z,29.0,67.47967,192.84117,32.555,32.5437,3.1811,3.1592
os1701l3c130_ctd,2017-09-25T17:29:57Z,30.0,67.47967,192.84117,32.5606,32.5603,3.1191,3.1234
os1701l3c130_ctd,2017-09-25T17:29:57Z,31.0,67.47967,192.84117,32.5679,32.5658,3.1311,3.1319
os1701l3c130_ctd,2017-09-25T17:29:57Z,32.0,67.47967,192.84117,32.5768,32.5799,3.1675,3.1714
os1701l3c130_ctd,2017-09-25T17:29:57Z,33.0,67.47967,192.84117,32.5995,32.5997,3.2129,3.2159
os1701l3c130_ctd,2017-09-25T17:29:57Z,34.0,67.47967,192.84117,32.614,32.6117,3.237,3.2366
os1701l3c130_ctd,2017-09-25T17:29:57Z,35.0,67.47967,192.84117,32.6224,32.6214,3.2482,3.2484
os1701l3c130_ctd,2017-09-25T17:29:57Z,36.0,67.47967,192.84117,32.6255,32.6232,3.2515,3.252
os1701l3c130_ctd,2017-09-25T17:29:57Z,37.0,67.47967,192.84117,32.6254,32.6235,3.253,3.2533
os1701l3c130_ctd,2017-09-25T17:29:57Z,38.0,67.47967,192.84117,32.6254,32.6234,3.2538,3.2533
os1701l3c130_ctd,2017-09-25T17:29:57Z,39.0,67.47967,192.84117,32.6252,32.623,3.2529,3.253
os1701l3c130_ctd,2017-09-25T17:29:57Z,40.0,67.47967,192.84117,32.6259,32.6238,3.2527,3.2529
os1701l3c130_ctd,2017-09-25T17:29:57Z,41.0,67.47967,192.84117,32.6258,32.6237,3.2526,3.2529
os1701l3c130_ctd,2017-09-25T17:29:57Z,42.0,67.47967,192.84117,32.6254,32.6233,3.2525,3.2529
os1701l3c130_ctd,2017-09-25T17:29:57Z,43.0,67.47967,192.84117,32.6249,32.6225,3.2533,3.2539
os1701l3c131_ctd,2017-09-25T22:20:31Z,0.0,67.48883,194.10733,31.241,31.1891,5.1895,5.1885
os1701l3c131_ctd,2017-09-25T22:20:31Z,1.0,67.48883,194.10733,31.241,31.1891,5.1895,5.1885
os1701l3c131_ctd,2017-09-25T22:20:31Z,2.0,67.48883,194.10733,31.241,31.1891,5.1895,5.1885
os1701l3c131_ctd,2017-09-25T22:20:31Z,3.0,67.48883,194.10733,31.241,31.1891,5.1895,5.1885
os1701l3c131_ctd,2017-09-25T22:20:31Z,4.0,67.48883,194.10733,31.241,31.1891,5.1895,5.1885
os1701l3c131_ctd,2017-09-25T22:20:31Z,5.0,67.48883,194.10733,31.241,31.1891,5.1895,5.1885
os1701l3c131_ctd,2017-09-25T22:20:31Z,6.0,67.48883,194.10733,31.2393,31.2052,5.1882,5.1875
os1701l3c131_ctd,2017-09-25T22:20:31Z,7.0,67.48883,194.10733,31.2394,31.2089,5.1882,5.1873
os1701l3c131_ctd,2017-09-25T22:20:31Z,8.0,67.48883,194.10733,31.2395,31.2048,5.1883,5.1873
os1701l3c131_ctd,2017-09-25T22:20:31Z,9.0,67.48883,194.10733,31.2438,31.2014,5.1919,5.1912
os1701l3c131_ctd,2017-09-25T22:20:31Z,10.0,67.48883,194.10733,31.2442,31.2083,5.19,5.1931
os1701l3c131_ctd,2017-09-25T22:20:31Z,11.0,67.48883,194.10733,31.2451,31.2104,5.1894,5.1925
os1701l3c131_ctd,2017-09-25T22:20:31Z,12.0,67.48883,194.10733,31.2484,31.2102,5.1924,5.1883
os1701l3c131_ctd,2017-09-25T22:20:31Z,13.0,67.48883,194.10733,31.2473,31.2105,5.1944,5.1897
os1701l3c131_ctd,2017-09-25T22:20:31Z,14.0,67.48883,194.10733,31.246,31.2106,5.1959,5.1915
os1701l3c131_ctd,2017-09-25T22:20:31Z,15.0,67.48883,194.10733,31.2392,31.2209,5.1858,5.1811
os1701l3c131_ctd,2017-09-25T22:20:31Z,16.0,67.48883,194.10733,NaN,31.2309,5.1752,NaN
os1701l3c131_ctd,2017-09-25T22:20:31Z,17.0,67.48883,194.10733,NaN,31.2165,5.1924,NaN
os1701l3c131_ctd,2017-09-25T22:20:31Z,18.0,67.48883,194.10733,NaN,31.3125,5.0895,NaN
os1701l3c131_ctd,2017-09-25T22:20:31Z,19.0,67.48883,194.10733,NaN,31.2247,5.1864,NaN
os1701l3c131_ctd,2017-09-25T22:20:31Z,20.0,67.48883,194.10733,NaN,31.2271,5.1839,NaN
os1701l3c131_ctd,2017-09-25T22:20:31Z,21.0,67.48883,194.10733,NaN,31.3396,5.0607,NaN
os1701l3c131_ctd,2017-09-25T22:20:31Z,22.0,67.48883,194.10733,NaN,NaN,NaN,NaN
os1701l3c131_ctd,2017-09-25T22:20:31Z,23.0,67.48883,194.10733,NaN,NaN,NaN,NaN
os1701l3c131_ctd,2017-09-25T22:20:31Z,24.0,67.48883,194.10733,NaN,NaN,NaN,NaN
os1701l3c131_ctd,2017-09-25T22:20:31Z,25.0,67.48883,194.10733,NaN,NaN,NaN,NaN
os1701l3c131_ctd,2017-09-25T22:20:31Z,26.0,67.48883,194.10733,NaN,NaN,NaN,NaN
os1701l3c131_ctd,2017-09-25T22:20:31Z,27.0,67.48883,194.10733,NaN,NaN,NaN,NaN
os1701l3c131_ctd,2017-09-25T22:20:31Z,28.0,67.48883,194.10733,NaN,NaN,NaN,NaN
os1701l3c131_ctd,2017-09-25T22:20:31Z,29.0,67.48883,194.10733,NaN,NaN,NaN,NaN
os1701l3c131_ctd,2017-09-25T22:20:31Z,30.0,67.48883,194.10733,NaN,NaN,NaN,NaN
os1701l3c131_ctd,2017-09-25T22:20:31Z,31.0,67.48883,194.10733,NaN,NaN,NaN,NaN
os1701l3c131_ctd,2017-09-25T22:20:31Z,32.0,67.48883,194.10733,NaN,NaN,NaN,NaN
os1701l3c131_ctd,2017-09-25T22:20:31Z,33.0,67.48883,194.10733,NaN,NaN,NaN,NaN
os1701l3c131_ctd,2017-09-25T22:20:31Z,34.0,67.48883,194.10733,NaN,NaN,NaN,NaN
os1701l3c132_ctd,2017-09-26T07:03:50Z,0.0,67.49433,195.41867,32.0708,32.0672,5.1526,5.1504
os1701l3c132_ctd,2017-09-26T07:03:50Z,1.0,67.49433,195.41867,32.0708,32.0672,5.1526,5.1504
os1701l3c132_ctd,2017-09-26T07:03:50Z,2.0,67.49433,195.41867,32.0708,32.0672,5.1526,5.1504
os1701l3c132_ctd,2017-09-26T07:03:50Z,3.0,67.49433,195.41867,32.0708,32.0672,5.1526,5.1504
os1701l3c132_ctd,2017-09-26T07:03:50Z,4.0,67.49433,195.41867,32.0708,32.0672,5.1526,5.1504
os1701l3c132_ctd,2017-09-26T07:03:50Z,5.0,67.49433,195.41867,32.0708,32.0672,5.1526,5.1504
os1701l3c132_ctd,2017-09-26T07:03:50Z,6.0,67.49433,195.41867,32.0712,32.0684,5.1578,5.1575
os1701l3c132_ctd,2017-09-26T07:03:50Z,7.0,67.49433,195.41867,32.0734,32.0698,5.1597,5.1583
os1701l3c132_ctd,2017-09-26T07:03:50Z,8.0,67.49433,195.41867,32.074,32.0707,5.1578,5.1566
os1701l3c132_ctd,2017-09-26T07:03:50Z,9.0,67.49433,195.41867,32.0746,32.0717,5.1551,5.1548
os1701l3c132_ctd,2017-09-26T07:03:50Z,10.0,67.49433,195.41867,32.0742,32.0709,5.1574,5.1554
os1701l3c132_ctd,2017-09-26T07:03:50Z,11.0,67.49433,195.41867,32.082,32.0763,5.1437,5.1398
os1701l3c132_ctd,2017-09-26T07:03:50Z,12.0,67.49433,195.41867,32.086,32.0813,5.1321,5.1295
os1701l3c132_ctd,2017-09-26T07:03:50Z,13.0,67.49433,195.41867,32.0897,32.0852,5.1244,5.1198
os1701l3c132_ctd,2017-09-26T07:03:50Z,14.0,67.49433,195.41867,32.0892,32.0864,5.1208,5.1198
os1701l3c132_ctd,2017-09-26T07:03:50Z,15.0,67.49433,195.41867,32.106,32.101,5.0747,5.0785
os1701l3c132_ctd,2017-09-26T07:03:50Z,16.0,67.49433,195.41867,32.2028,32.1716,4.725,4.7329
os1701l3c132_ctd,2017-09-26T07:03:50Z,17.0,67.49433,195.41867,32.3353,32.2967,3.9835,4.0344
os1701l3c132_ctd,2017-09-26T07:03:50Z,18.0,67.49433,195.41867,32.4173,32.3954,3.3818,3.4633
os1701l3c132_ctd,2017-09-26T07:03:50Z,19.0,67.49433,195.41867,32.419,32.4191,3.2918,3.3152
os1701l3c132_ctd,2017-09-26T07:03:50Z,20.0,67.49433,195.41867,32.4265,32.4224,3.2913,3.2966
os1701l3c132_ctd,2017-09-26T07:03:50Z,21.0,67.49433,195.41867,32.4282,32.425,3.2917,3.295
os1701l3c132_ctd,2017-09-26T07:03:50Z,22.0,67.49433,195.41867,32.4315,32.4278,3.2914,3.2938
os1701l3c132_ctd,2017-09-26T07:03:50Z,23.0,67.49433,195.41867,32.432,32.4288,3.2921,3.2936
os1701l3c132_ctd,2017-09-26T07:03:50Z,24.0,67.49433,195.41867,32.4334,32.4303,3.2917,3.2947
os1701l3c132_ctd,2017-09-26T07:03:50Z,25.0,67.49433,195.41867,32.4367,32.4336,3.2926,3.2916
os1701l3c132_ctd,2017-09-26T07:03:50Z,26.0,67.49433,195.41867,32.4372,32.4334,3.2926,3.2927
os1701l3c133_ctd,2017-09-26T16:11:24Z,0.0,66.99834,195.30083,29.1903,29.1864,5.7432,5.7415
os1701l3c133_ctd,2017-09-26T16:11:24Z,1.0,66.99834,195.30083,29.1903,29.1864,5.7432,5.7415
os1701l3c133_ctd,2017-09-26T16:11:24Z,2.0,66.99834,195.30083,29.1903,29.1864,5.7432,5.7415
os1701l3c133_ctd,2017-09-26T16:11:24Z,3.0,66.99834,195.30083,29.1903,29.1864,5.7432,5.7415
os1701l3c133_ctd,2017-09-26T16:11:24Z,4.0,66.99834,195.30083,29.1903,29.1864,5.7432,5.7415
os1701l3c133_ctd,2017-09-26T16:11:24Z,5.0,66.99834,195.30083,29.1903,29.1864,5.7432,5.7415
os1701l3c133_ctd,2017-09-26T16:11:24Z,6.0,66.99834,195.30083,29.1899,29.1862,5.7422,5.7415
os1701l3c133_ctd,2017-09-26T16:11:24Z,7.0,66.99834,195.30083,29.19,29.1857,5.7429,5.7413
os1701l3c133_ctd,2017-09-26T16:11:24Z,8.0,66.99834,195.30083,29.192,29.1891,5.7465,5.746
os1701l3c133_ctd,2017-09-26T16:11:24Z,9.0,66.99834,195.30083,29.199,29.1977,5.7609,5.7593
os1701l3c133_ctd,2017-09-26T16:11:24Z,10.0,66.99834,195.30083,29.5287,29.5768,5.9836,5.9745
os1701l3c133_ctd,2017-09-26T16:11:24Z,11.0,66.99834,195.30083,29.9852,29.9909,6.0929,6.0953
os1701l3c133_ctd,2017-09-26T16:11:24Z,12.0,66.99834,195.30083,30.576,30.5744,6.1615,6.1612
os1701l3c133_ctd,2017-09-26T16:11:24Z,13.0,66.99834,195.30083,31.1225,31.1362,6.1504,6.1486
os1701l3c133_ctd,2017-09-26T16:11:24Z,14.0,66.99834,195.30083,31.8653,31.8833,6.1032,6.102
os1701l3c133_ctd,2017-09-26T16:11:24Z,15.0,66.99834,195.30083,32.0601,32.0563,6.0734,6.071
os1701l3c133_ctd,2017-09-26T16:11:24Z,16.0,66.99834,195.30083,32.0754,32.0751,6.079,6.0792
os1701l3c133_ctd,2017-09-26T16:11:24Z,17.0,66.99834,195.30083,32.1108,32.099,5.9812,5.975
os1701l3c133_ctd,2017-09-26T16:11:24Z,18.0,66.99834,195.30083,32.2223,32.1928,5.5619,5.5766
os1701l3c133_ctd,2017-09-26T16:11:24Z,19.0,66.99834,195.30083,32.5388,32.5007,4.5449,4.5252
os1701l3c133_ctd,2017-09-26T16:11:24Z,20.0,66.99834,195.30083,32.5441,32.537,4.4393,4.435
os1701l3c133_ctd,2017-09-26T16:11:24Z,21.0,66.99834,195.30083,32.5506,32.546,4.4165,4.4147
os1701l3c133_ctd,2017-09-26T16:11:24Z,22.0,66.99834,195.30083,32.5532,32.5501,4.4132,4.419
os1701l3c133_ctd,2017-09-26T16:11:24Z,23.0,66.99834,195.30083,32.5565,32.5532,4.411,4.4124
os1701l3c133_ctd,2017-09-26T16:11:24Z,24.0,66.99834,195.30083,32.5634,32.5602,4.4139,4.4112
os1701l3c134_ctd,2017-09-26T23:05:45Z,0.0,66.999664,194.101,31.0383,31.0334,5.9147,5.914
os1701l3c134_ctd,2017-09-26T23:05:45Z,1.0,66.999664,194.101,31.0383,31.0334,5.9147,5.914
os1701l3c134_ctd,2017-09-26T23:05:45Z,2.0,66.999664,194.101,31.0383,31.0334,5.9147,5.914
os1701l3c134_ctd,2017-09-26T23:05:45Z,3.0,66.999664,194.101,31.0383,31.0334,5.9147,5.914
os1701l3c134_ctd,2017-09-26T23:05:45Z,4.0,66.999664,194.101,31.0383,31.0334,5.9147,5.914
os1701l3c134_ctd,2017-09-26T23:05:45Z,5.0,66.999664,194.101,31.0383,31.0334,5.9147,5.914
os1701l3c134_ctd,2017-09-26T23:05:45Z,6.0,66.999664,194.101,31.0369,31.0337,5.9042,5.9066
os1701l3c134_ctd,2017-09-26T23:05:45Z,7.0,66.999664,194.101,31.039,31.0361,5.8921,5.8918
os1701l3c134_ctd,2017-09-26T23:05:45Z,8.0,66.999664,194.101,31.0438,31.0406,5.8737,5.8739
os1701l3c134_ctd,2017-09-26T23:05:45Z,9.0,66.999664,194.101,31.0528,31.05,5.8586,5.8588
os1701l3c134_ctd,2017-09-26T23:05:45Z,10.0,66.999664,194.101,31.0583,31.0564,5.8613,5.8623
os1701l3c134_ctd,2017-09-26T23:05:45Z,11.0,66.999664,194.101,31.071,31.0701,5.8862,5.8867
os1701l3c134_ctd,2017-09-26T23:05:45Z,12.0,66.999664,194.101,31.0789,31.0761,5.8821,5.8821
os1701l3c134_ctd,2017-09-26T23:05:45Z,13.0,66.999664,194.101,31.0825,31.0802,5.881,5.8814
os1701l3c134_ctd,2017-09-26T23:05:45Z,14.0,66.999664,194.101,31.0878,31.0851,5.8806,5.8807
os1701l3c134_ctd,2017-09-26T23:05:45Z,15.0,66.999664,194.101,31.158,31.1092,5.8403,5.7791
os1701l3c134_ctd,2017-09-26T23:05:45Z,16.0,66.999664,194.101,32.2842,32.1847,4.4079,4.3086
os1701l3c134_ctd,2017-09-26T23:05:45Z,17.0,66.999664,194.101,32.3751,32.3727,4.1814,4.1857
os1701l3c134_ctd,2017-09-26T23:05:45Z,18.0,66.999664,194.101,32.392,32.3841,4.1653,4.1623
os1701l3c134_ctd,2017-09-26T23:05:45Z,19.0,66.999664,194.101,32.4007,32.3974,4.1487,4.1495
os1701l3c134_ctd,2017-09-26T23:05:45Z,20.0,66.999664,194.101,32.402,32.3962,4.1561,4.1523
os1701l3c134_ctd,2017-09-26T23:05:45Z,21.0,66.999664,194.101,32.4052,32.4009,4.1516,4.1501
os1701l3c134_ctd,2017-09-26T23:05:45Z,22.0,66.999664,194.101,32.4029,32.3996,4.1549,4.155
os1701l3c134_ctd,2017-09-26T23:05:45Z,23.0,66.999664,194.101,32.3956,32.388,4.1782,4.1653
os1701l3c135_ctd,2017-09-27T07:21:16Z,0.0,66.99733,192.83583,32.0833,32.0788,4.8287,4.8251
os1701l3c135_ctd,2017-09-27T07:21:16Z,1.0,66.99733,192.83583,32.0833,32.0788,4.8287,4.8251
os1701l3c135_ctd,2017-09-27T07:21:16Z,2.0,66.99733,192.83583,32.0833,32.0788,4.8287,4.8251
os1701l3c135_ctd,2017-09-27T07:21:16Z,3.0,66.99733,192.83583,32.0833,32.0788,4.8287,4.8251
os1701l3c135_ctd,2017-09-27T07:21:16Z,4.0,66.99733,192.83583,32.0833,32.0788,4.8287,4.8251
os1701l3c135_ctd,2017-09-27T07:21:16Z,5.0,66.99733,192.83583,32.0833,32.0788,4.8287,4.8251
os1701l3c135_ctd,2017-09-27T07:21:16Z,6.0,66.99733,192.83583,32.0821,32.0789,4.8152,4.816
os1701l3c135_ctd,2017-09-27T07:21:16Z,7.0,66.99733,192.83583,32.0828,32.0792,4.8096,4.8087
os1701l3c135_ctd,2017-09-27T07:21:16Z,8.0,66.99733,192.83583,32.0831,32.0802,4.8065,4.8062
os1701l3c135_ctd,2017-09-27T07:21:16Z,9.0,66.99733,192.83583,32.0834,32.0803,4.805,4.8047
os1701l3c135_ctd,2017-09-27T07:21:16Z,10.0,66.99733,192.83583,32.0837,32.0807,4.8031,4.8029
os1701l3c135_ctd,2017-09-27T07:21:16Z,11.0,66.99733,192.83583,32.0845,32.0813,4.8014,4.8007
os1701l3c135_ctd,2017-09-27T07:21:16Z,12.0,66.99733,192.83583,32.0858,32.0825,4.7987,4.7981
os1701l3c135_ctd,2017-09-27T07:21:16Z,13.0,66.99733,192.83583,32.0868,32.0835,4.7956,4.7948
os1701l3c135_ctd,2017-09-27T07:21:16Z,14.0,66.99733,192.83583,32.0871,32.0842,4.7933,4.7929
os1701l3c135_ctd,2017-09-27T07:21:16Z,15.0,66.99733,192.83583,32.0879,32.085,4.7926,4.7921
os1701l3c135_ctd,2017-09-27T07:21:16Z,16.0,66.99733,192.83583,32.0891,32.0862,4.7919,4.7915
os1701l3c135_ctd,2017-09-27T07:21:16Z,17.0,66.99733,192.83583,32.0896,32.0868,4.7922,4.7918
os1701l3c135_ctd,2017-09-27T07:21:16Z,18.0,66.99733,192.83583,32.0907,32.0877,4.7912,4.7908
os1701l3c135_ctd,2017-09-27T07:21:16Z,19.0,66.99733,192.83583,32.0909,32.088,4.7901,4.7897
os1701l3c135_ctd,2017-09-27T07:21:16Z,20.0,66.99733,192.83583,32.0921,32.0891,4.79,4.7895
os1701l3c135_ctd,2017-09-27T07:21:16Z,21.0,66.99733,192.83583,32.0926,32.0898,4.79,4.7897
os1701l3c135_ctd,2017-09-27T07:21:16Z,22.0,66.99733,192.83583,32.0941,32.0912,4.7896,4.7892
os1701l3c135_ctd,2017-09-27T07:21:16Z,23.0,66.99733,192.83583,32.0957,32.0927,4.7885,4.788
os1701l3c135_ctd,2017-09-27T07:21:16Z,24.0,66.99733,192.83583,32.0988,32.0956,4.7842,4.7836
os1701l3c135_ctd,2017-09-27T07:21:16Z,25.0,66.99733,192.83583,32.1063,32.1025,4.7741,4.7732
os1701l3c135_ctd,2017-09-27T07:21:16Z,26.0,66.99733,192.83583,32.1173,32.1129,4.7571,4.7554
os1701l3c135_ctd,2017-09-27T07:21:16Z,27.0,66.99733,192.83583,32.126,32.1225,4.742,4.7412
os1701l3c135_ctd,2017-09-27T07:21:16Z,28.0,66.99733,192.83583,32.1289,32.1254,4.7365,4.7356
os1701l3c135_ctd,2017-09-27T07:21:16Z,29.0,66.99733,192.83583,32.1439,32.1371,4.7056,4.7018
os1701l3c135_ctd,2017-09-27T07:21:16Z,30.0,66.99733,192.83583,32.1697,32.1606,4.6364,4.6314
os1701l3c135_ctd,2017-09-27T07:21:16Z,31.0,66.99733,192.83583,32.1957,32.1868,4.5465,4.542
os1701l3c135_ctd,2017-09-27T07:21:16Z,32.0,66.99733,192.83583,32.2085,32.2028,4.4966,4.4942
os1701l3c135_ctd,2017-09-27T07:21:16Z,33.0,66.99733,192.83583,32.2529,32.2364,4.3934,4.3863
os1701l3c135_ctd,2017-09-27T07:21:16Z,34.0,66.99733,192.83583,32.452,32.3987,3.1715,3.0695
os1701l3c135_ctd,2017-09-27T07:21:16Z,35.0,66.99733,192.83583,32.485,32.4732,2.607,2.6044
os1701l3c135_ctd,2017-09-27T07:21:16Z,36.0,66.99733,192.83583,32.4812,32.4708,2.6362,2.6052
