time,pressure,latitude,longitude,S_42,S_41,T_28,T2_35,profile_id
UTC,dbar,degrees_north,degrees_east,PSU,PSU,C,C,
2019-09-17T17:03:17Z,0.0,69.5,191.533,28.164,28.1626,10.3958,10.3956,os1901l3c074_ctd
2019-09-17T17:03:17Z,1.0,69.5,191.533,28.164,28.1626,10.3958,10.3956,os1901l3c074_ctd
2019-09-17T17:03:17Z,2.0,69.5,191.533,28.164,28.1626,10.3958,10.3956,os1901l3c074_ctd
2019-09-17T17:03:17Z,3.0,69.5,191.533,28.164,28.1626,10.3958,10.3956,os1901l3c074_ctd
2019-09-17T17:03:17Z,4.0,69.5,191.533,28.1641,28.162,10.3905,10.3929,os1901l3c074_ctd
2019-09-17T17:03:17Z,5.0,69.5,191.533,28.1636,28.1617,10.3944,10.3939,os1901l3c074_ctd
2019-09-17T17:03:17Z,6.0,69.5,191.533,28.163,28.1615,10.3967,10.3972,os1901l3c074_ctd
2019-09-17T17:03:17Z,7.0,69.5,191.533,28.1636,28.1619,10.3981,10.3982,os1901l3c074_ctd
2019-09-17T17:03:17Z,8.0,69.5,191.533,28.1657,28.164,10.4001,10.4009,os1901l3c074_ctd
2019-09-17T17:03:17Z,9.0,69.5,191.533,28.1666,28.1649,10.4,10.3997,os1901l3c074_ctd
2019-09-17T17:03:17Z,10.0,69.5,191.533,28.1685,28.1663,10.4011,10.4008,os1901l3c074_ctd
2019-09-17T17:03:17Z,11.0,69.5,191.533,28.1672,28.1656,10.4009,10.401,os1901l3c074_ctd
2019-09-17T17:03:17Z,12.0,69.5,191.533,28.1674,28.1657,10.3996,10.3999,os1901l3c074_ctd
2019-09-17T17:03:17Z,13.0,69.5,191.533,28.1682,28.1665,10.401,10.4011,os1901l3c074_ctd
2019-09-17T17:03:17Z,14.0,69.5,191.533,28.1716,28.1675,10.4007,10.402,os1901l3c074_ctd
2019-09-17T17:03:17Z,15.0,69.5,191.533,28.171,28.1697,10.4023,10.4018,os1901l3c074_ctd
2019-09-17T17:03:17Z,16.0,69.5,191.533,28.1708,28.1704,10.4023,10.4021,os1901l3c074_ctd
2019-09-17T17:03:17Z,17.0,69.5,191.533,28.1838,28.1816,10.405,10.4046,os1901l3c074_ctd
2019-09-17T17:03:17Z,18.0,69.5,191.533,28.1996,28.1969,10.4042,10.4036,os1901l3c074_ctd
2019-09-17T17:03:17Z,19.0,69.5,191.533,28.2148,28.2115,10.4026,10.4021,os1901l3c074_ctd
2019-09-17T17:03:17Z,20.0,69.5,191.533,28.6702,28.5884,10.45,10.4545,os1901l3c074_ctd
2019-09-17T17:03:17Z,21.0,69.5,191.533,29.7125,29.6635,10.4844,10.4727,os1901l3c074_ctd
2019-09-17T17:03:17Z,22.0,69.5,191.533,30.0782,30.0435,10.3039,10.2852,os1901l3c074_ctd
2019-09-17T17:03:17Z,23.0,69.5,191.533,30.583,30.5396,9.7926,9.7537,os1901l3c074_ctd
2019-09-17T17:03:17Z,24.0,69.5,191.533,30.8366,30.8194,9.6213,9.6119,os1901l3c074_ctd
2019-09-17T17:03:17Z,25.0,69.5,191.533,31.0083,30.9902,9.5661,9.5533,os1901l3c074_ctd
2019-09-17T17:03:17Z,26.0,69.5,191.533,31.2309,31.2065,9.1254,9.042,os1901l3c074_ctd
2019-09-17T17:03:17Z,27.0,69.5,191.533,31.389,31.3817,8.5283,8.4979,os1901l3c074_ctd
2019-09-17T17:03:17Z,28.0,69.5,191.533,31.4503,31.4471,8.3242,8.3131,os1901l3c074_ctd
2019-09-17T17:03:17Z,29.0,69.5,191.533,31.4729,31.468,8.2553,8.2429,os1901l3c074_ctd
2019-09-17T17:03:17Z,30.0,69.5,191.533,31.5022,31.497,8.1752,8.1621,os1901l3c074_ctd
2019-09-17T17:03:17Z,31.0,69.5,191.533,31.5308,31.5261,8.0931,8.0838,os1901l3c074_ctd
2019-09-17T17:03:17Z,32.0,69.5,191.533,31.5638,31.5585,8.0288,8.0215,os1901l3c074_ctd
2019-09-17T17:03:17Z,33.0,69.5,191.533,31.5789,31.5758,7.9988,7.9936,os1901l3c074_ctd
2019-09-17T17:03:17Z,34.0,69.5,191.533,31.5832,31.5815,7.9816,7.9804,os1901l3c074_ctd
2019-09-17T17:03:17Z,35.0,69.5,191.533,31.5848,31.583,7.9759,7.9745,os1901l3c074_ctd
2019-09-17T17:03:17Z,36.0,69.5,191.533,31.5989,31.5916,7.8967,7.8645,os1901l3c074_ctd
2019-09-17T17:03:17Z,37.0,69.5,191.533,31.6362,31.6312,7.6998,7.67,os1901l3c074_ctd
2019-09-17T17:03:17Z,38.0,69.5,191.533,31.6744,31.6695,7.5,7.467,os1901l3c074_ctd
2019-09-17T17:03:17Z,39.0,69.5,191.533,31.7434,31.7296,7.1907,7.1216,os1901l3c074_ctd
2019-09-17T17:03:17Z,40.0,69.5,191.533,31.7973,31.7913,6.9063,6.8819,os1901l3c074_ctd
2019-09-17T17:03:17Z,41.0,69.5,191.533,31.8053,31.8024,6.8384,6.8268,os1901l3c074_ctd
2019-09-17T17:03:17Z,42.0,69.5,191.533,31.8279,31.8208,6.7167,6.6817,os1901l3c074_ctd
2019-09-17T17:03:17Z,43.0,69.5,191.533,31.8727,31.8679,6.5045,6.4848,os1901l3c074_ctd
2019-09-17T17:03:17Z,44.0,69.5,191.533,31.9049,31.8959,6.3607,6.3152,os1901l3c074_ctd
2019-09-17T17:03:17Z,45.0,69.5,191.533,32.1049,32.0782,5.7025,5.5786,os1901l3c074_ctd
2019-09-17T17:03:17Z,46.0,69.5,191.533,32.2559,32.2449,4.9495,4.8922,os1901l3c074_ctd
2019-09-17T17:03:17Z,47.0,69.5,191.533,32.256,32.2512,4.9358,4.9229,os1901l3c074_ctd
2019-09-17T17:03:17Z,48.0,69.5,191.533,32.2655,32.2623,4.907,4.9044,os1901l3c074_ctd
2019-09-17T21:10:55Z,0.0,69.5005,192.90184,29.4206,29.4193,10.2394,10.2389,os1901l3c075_ctd
2019-09-17T21:10:55Z,1.0,69.5005,192.90184,29.4206,29.4193,10.2394,10.2389,os1901l3c075_ctd
2019-09-17T21:10:55Z,2.0,69.5005,192.90184,29.4206,29.4193,10.2394,10.2389,os1901l3c075_ctd
2019-09-17T21:10:55Z,3.0,69.5005,192.90184,29.4206,29.4193,10.2394,10.2389,os1901l3c075_ctd
2019-09-17T21:10:55Z,4.0,69.5005,192.90184,29.4187,29.4185,10.2337,10.2338,os1901l3c075_ctd
2019-09-17T21:10:55Z,5.0,69.5005,192.90184,29.4166,29.4153,10.2314,10.2314,os1901l3c075_ctd
2019-09-17T21:10:55Z,6.0,69.5005,192.90184,29.4174,29.4158,10.2334,10.2334,os1901l3c075_ctd
2019-09-17T21:10:55Z,7.0,69.5005,192.90184,29.4165,29.4151,10.2339,10.2344,os1901l3c075_ctd
2019-09-17T21:10:55Z,8.0,69.5005,192.90184,29.4162,29.4147,10.2405,10.2401,os1901l3c075_ctd
2019-09-17T21:10:55Z,9.0,69.5005,192.90184,29.4163,29.4151,10.242,10.2419,os1901l3c075_ctd
2019-09-17T21:10:55Z,10.0,69.5005,192.90184,29.418,29.4165,10.2436,10.2434,os1901l3c075_ctd
2019-09-17T21:10:55Z,11.0,69.5005,192.90184,29.4167,29.4161,10.2431,10.2421,os1901l3c075_ctd
2019-09-17T21:10:55Z,12.0,69.5005,192.90184,29.4167,29.4158,10.2428,10.2426,os1901l3c075_ctd
2019-09-17T21:10:55Z,13.0,69.5005,192.90184,29.4155,29.4151,10.2404,10.2416,os1901l3c075_ctd
2019-09-17T21:10:55Z,14.0,69.5005,192.90184,29.4201,29.4172,10.2431,10.2448,os1901l3c075_ctd
2019-09-17T21:10:55Z,15.0,69.5005,192.90184,NaN,NaN,NaN,NaN,os1901l3c075_ctd
2019-09-17T21:10:55Z,16.0,69.5005,192.90184,29.4269,29.4255,10.2491,10.2494,os1901l3c075_ctd
2019-09-17T21:10:55Z,17.0,69.5005,192.90184,29.4265,29.4259,10.2499,10.2493,os1901l3c075_ctd
2019-09-17T21:10:55Z,18.0,69.5005,192.90184,29.4269,29.4253,10.2495,10.2494,os1901l3c075_ctd
2019-09-17T21:10:55Z,19.0,69.5005,192.90184,29.4273,29.4269,10.2503,10.2497,os1901l3c075_ctd
2019-09-17T21:10:55Z,20.0,69.5005,192.90184,29.4298,29.4282,10.2513,10.251,os1901l3c075_ctd
2019-09-17T21:10:55Z,21.0,69.5005,192.90184,29.431,29.4288,10.2514,10.2517,os1901l3c075_ctd
2019-09-17T21:10:55Z,22.0,69.5005,192.90184,29.4323,29.4301,10.2533,10.2546,os1901l3c075_ctd
2019-09-17T21:10:55Z,23.0,69.5005,192.90184,29.4393,29.4322,10.2555,10.2556,os1901l3c075_ctd
2019-09-17T21:10:55Z,24.0,69.5005,192.90184,30.1818,30.0915,10.1865,10.1688,os1901l3c075_ctd
2019-09-17T21:10:55Z,25.0,69.5005,192.90184,30.685,30.6234,9.9677,9.9191,os1901l3c075_ctd
2019-09-17T21:10:55Z,26.0,69.5005,192.90184,31.0349,31.0378,9.5059,9.4662,os1901l3c075_ctd
2019-09-17T21:10:55Z,27.0,69.5005,192.90184,31.0555,31.0456,9.3696,9.3596,os1901l3c075_ctd
2019-09-17T21:10:55Z,28.0,69.5005,192.90184,31.1912,31.159,9.3457,9.3698,os1901l3c075_ctd
2019-09-17T21:10:55Z,29.0,69.5005,192.90184,31.2016,31.1968,9.2265,9.2218,os1901l3c075_ctd
2019-09-17T21:10:55Z,30.0,69.5005,192.90184,31.2431,31.2358,9.1259,9.1096,os1901l3c075_ctd
2019-09-17T21:10:55Z,31.0,69.5005,192.90184,31.2721,31.2691,9.0499,9.0435,os1901l3c075_ctd
2019-09-17T21:10:55Z,32.0,69.5005,192.90184,31.339,31.333,8.8598,8.834,os1901l3c075_ctd
2019-09-17T21:10:55Z,33.0,69.5005,192.90184,31.423,31.4125,8.5283,8.4791,os1901l3c075_ctd
2019-09-17T21:10:55Z,34.0,69.5005,192.90184,31.4752,31.4729,8.2876,8.2728,os1901l3c075_ctd
2019-09-17T21:10:55Z,35.0,69.5005,192.90184,31.5354,31.5252,8.1411,8.1115,os1901l3c075_ctd
2019-09-17T21:10:55Z,36.0,69.5005,192.90184,31.6711,31.6425,7.6523,7.5378,os1901l3c075_ctd
2019-09-17T21:10:55Z,37.0,69.5005,192.90184,31.727,31.7269,7.3351,7.3316,os1901l3c075_ctd
2019-09-17T21:10:55Z,38.0,69.5005,192.90184,31.7314,31.7304,7.3241,7.3231,os1901l3c075_ctd
2019-09-17T21:10:55Z,39.0,69.5005,192.90184,31.7344,31.7338,7.3172,7.3164,os1901l3c075_ctd
2019-09-17T21:10:55Z,40.0,69.5005,192.90184,31.7433,31.7426,7.2833,7.2792,os1901l3c075_ctd
2019-09-17T21:10:55Z,41.0,69.5005,192.90184,31.7886,31.7827,7.1471,7.1248,os1901l3c075_ctd
2019-09-17T21:10:55Z,42.0,69.5005,192.90184,31.8565,31.8513,6.9151,6.8948,os1901l3c075_ctd
2019-09-17T21:10:55Z,43.0,69.5005,192.90184,31.8949,31.8926,6.7768,6.7707,os1901l3c075_ctd
2019-09-18T16:49:37Z,0.0,69.49367,194.26033,29.692,29.6896,10.1071,10.1039,os1901l3c076_ctd
2019-09-18T16:49:37Z,1.0,69.49367,194.26033,29.692,29.6896,10.1071,10.1039,os1901l3c076_ctd
2019-09-18T16:49:37Z,2.0,69.49367,194.26033,29.692,29.6896,10.1071,10.1039,os1901l3c076_ctd
2019-09-18T16:49:37Z,3.0,69.49367,194.26033,29.692,29.6896,10.1071,10.1039,os1901l3c076_ctd
2019-09-18T16:49:37Z,4.0,69.49367,194.26033,29.692,29.6903,10.1046,10.105,os1901l3c076_ctd
2019-09-18T16:49:37Z,5.0,69.49367,194.26033,29.6925,29.6909,10.1005,10.0983,os1901l3c076_ctd
2019-09-18T16:49:37Z,6.0,69.49367,194.26033,29.693,29.6908,10.101,10.1034,os1901l3c076_ctd
2019-09-18T16:49:37Z,7.0,69.49367,194.26033,29.6932,29.6917,10.1182,10.1182,os1901l3c076_ctd
2019-09-18T16:49:37Z,8.0,69.49367,194.26033,29.693,29.6914,10.1134,10.1141,os1901l3c076_ctd
2019-09-18T16:49:37Z,9.0,69.49367,194.26033,29.6926,29.6908,10.108,10.1058,os1901l3c076_ctd
2019-09-18T16:49:37Z,10.0,69.49367,194.26033,29.6926,29.6911,10.1077,10.1079,os1901l3c076_ctd
2019-09-18T16:49:37Z,11.0,69.49367,194.26033,29.6933,29.6909,10.1094,10.1111,os1901l3c076_ctd
2019-09-18T16:49:37Z,12.0,69.49367,194.26033,29.6946,29.6916,10.1109,10.1124,os1901l3c076_ctd
2019-09-18T16:49:37Z,13.0,69.49367,194.26033,29.6959,29.6935,10.1179,10.1202,os1901l3c076_ctd
2019-09-18T16:49:37Z,14.0,69.49367,194.26033,29.6938,29.6928,10.1178,10.1158,os1901l3c076_ctd
2019-09-18T16:49:37Z,15.0,69.49367,194.26033,29.6946,29.6929,10.1172,10.1182,os1901l3c076_ctd
2019-09-18T16:49:37Z,16.0,69.49367,194.26033,29.6952,29.6933,10.1175,10.1171,os1901l3c076_ctd
2019-09-18T16:49:37Z,17.0,69.49367,194.26033,29.6945,29.6929,10.1116,10.1115,os1901l3c076_ctd
2019-09-18T16:49:37Z,18.0,69.49367,194.26033,29.6966,29.6947,10.1197,10.1195,os1901l3c076_ctd
2019-09-18T16:49:37Z,19.0,69.49367,194.26033,29.6962,29.6946,10.1181,10.1167,os1901l3c076_ctd
2019-09-18T16:49:37Z,20.0,69.49367,194.26033,29.6952,29.6937,10.1163,10.116,os1901l3c076_ctd
2019-09-18T16:49:37Z,21.0,69.49367,194.26033,29.6971,29.696,10.1222,10.1209,os1901l3c076_ctd
2019-09-18T16:49:37Z,22.0,69.49367,194.26033,29.6993,29.6972,10.1238,10.1256,os1901l3c076_ctd
2019-09-18T16:49:37Z,23.0,69.49367,194.26033,29.7031,29.701,10.1315,10.1311,os1901l3c076_ctd
2019-09-18T16:49:37Z,24.0,69.49367,194.26033,29.7068,29.7033,10.1323,10.1325,os1901l3c076_ctd
2019-09-18T16:49:37Z,25.0,69.49367,194.26033,29.7026,29.6979,10.1216,10.1245,os1901l3c076_ctd
2019-09-18T16:49:37Z,26.0,69.49367,194.26033,29.7129,29.7105,10.1438,10.1451,os1901l3c076_ctd
2019-09-18T16:49:37Z,27.0,69.49367,194.26033,29.7628,29.7515,10.181,10.1833,os1901l3c076_ctd
2019-09-18T16:49:37Z,28.0,69.49367,194.26033,29.8896,29.8636,10.202,10.2027,os1901l3c076_ctd
2019-09-18T16:49:37Z,29.0,69.49367,194.26033,30.5643,30.5342,10.0753,10.0447,os1901l3c076_ctd
2019-09-18T16:49:37Z,30.0,69.49367,194.26033,30.9931,30.9663,9.311,9.2503,os1901l3c076_ctd
2019-09-18T16:49:37Z,31.0,69.49367,194.26033,31.1248,31.1219,8.9866,8.9807,os1901l3c076_ctd
2019-09-18T16:49:37Z,32.0,69.49367,194.26033,31.1619,31.1581,8.9224,8.9169,os1901l3c076_ctd
2019-09-18T16:49:37Z,33.0,69.49367,194.26033,31.2076,31.203,8.8478,8.842,os1901l3c076_ctd
2019-09-18T22:38:04Z,0.0,69.499664,195.79433,29.8895,29.8881,9.2691,9.2576,os1901l3c077_ctd
2019-09-18T22:38:04Z,1.0,69.499664,195.79433,29.8895,29.8881,9.2691,9.2576,os1901l3c077_ctd
2019-09-18T22:38:04Z,2.0,69.499664,195.79433,29.8895,29.8881,9.2691,9.2576,os1901l3c077_ctd
2019-09-18T22:38:04Z,3.0,69.499664,195.79433,29.8883,29.8866,9.2554,9.257,os1901l3c077_ctd
2019-09-18T22:38:04Z,4.0,69.499664,195.79433,29.8899,29.8876,9.2577,9.2582,os1901l3c077_ctd
2019-09-18T22:38:04Z,5.0,69.499664,195.79433,29.8887,29.8868,9.2572,9.2571,os1901l3c077_ctd
2019-09-18T22:38:04Z,6.0,69.499664,195.79433,29.8884,29.887,9.2574,9.2569,os1901l3c077_ctd
2019-09-18T22:38:04Z,7.0,69.499664,195.79433,29.8877,29.8862,9.2557,9.2546,os1901l3c077_ctd
2019-09-18T22:38:04Z,8.0,69.499664,195.79433,29.8883,29.8867,9.2554,9.2552,os1901l3c077_ctd
2019-09-18T22:38:04Z,9.0,69.499664,195.79433,29.8881,29.8864,9.2559,9.2557,os1901l3c077_ctd
2019-09-18T22:38:04Z,10.0,69.499664,195.79433,29.8877,29.8861,9.2559,9.2556,os1901l3c077_ctd
2019-09-18T22:38:04Z,11.0,69.499664,195.79433,29.8877,29.886,9.2562,9.256,os1901l3c077_ctd
2019-09-18T22:38:04Z,12.0,69.499664,195.79433,29.8902,29.887,9.2566,9.2578,os1901l3c077_ctd
2019-09-18T22:38:04Z,13.0,69.499664,195.79433,29.8915,29.888,9.2576,9.2592,os1901l3c077_ctd
2019-09-18T22:38:04Z,14.0,69.499664,195.79433,29.8949,29.8922,9.2634,9.2644,os1901l3c077_ctd
2019-09-18T22:38:04Z,15.0,69.499664,195.79433,29.8936,29.8914,9.2632,9.2631,os1901l3c077_ctd
2019-09-18T22:38:04Z,16.0,69.499664,195.79433,29.8983,29.8946,9.2673,9.2672,os1901l3c077_ctd
2019-09-18T22:38:04Z,17.0,69.499664,195.79433,29.9094,29.9046,9.2783,9.2829,os1901l3c077_ctd
2019-09-18T22:38:04Z,18.0,69.499664,195.79433,29.9402,29.9254,9.3037,9.3136,os1901l3c077_ctd
2019-09-18T22:38:04Z,19.0,69.499664,195.79433,30.4139,30.3222,9.5286,9.5675,os1901l3c077_ctd
2019-09-18T22:38:04Z,20.0,69.499664,195.79433,30.8835,30.903,9.7795,9.7708,os1901l3c077_ctd
2019-09-19T16:59:30Z,0.0,68.761,192.91267,28.8053,28.4687,10.2259,10.2254,os1901l3c078_ctd
2019-09-19T16:59:30Z,1.0,68.761,192.91267,28.8053,28.4687,10.2259,10.2254,os1901l3c078_ctd
2019-09-19T16:59:30Z,2.0,68.761,192.91267,28.8053,28.4687,10.2259,10.2254,os1901l3c078_ctd
2019-09-19T16:59:30Z,3.0,68.761,192.91267,28.8042,28.6161,10.223,10.2229,os1901l3c078_ctd
2019-09-19T16:59:30Z,4.0,68.761,192.91267,28.8053,28.6131,10.2166,10.2143,os1901l3c078_ctd
2019-09-19T16:59:30Z,5.0,68.761,192.91267,28.8056,28.6155,10.2197,10.2213,os1901l3c078_ctd
2019-09-19T16:59:30Z,6.0,68.761,192.91267,28.8055,28.6172,10.2226,10.2218,os1901l3c078_ctd
2019-09-19T16:59:30Z,7.0,68.761,192.91267,28.8052,28.6197,10.2243,10.2266,os1901l3c078_ctd
2019-09-19T16:59:30Z,8.0,68.761,192.91267,28.8062,28.6212,10.2278,10.2274,os1901l3c078_ctd
2019-09-19T16:59:30Z,9.0,68.761,192.91267,28.8075,28.6236,10.242,10.243,os1901l3c078_ctd
2019-09-19T16:59:30Z,10.0,68.761,192.91267,28.9777,28.7238,10.4088,10.4459,os1901l3c078_ctd
2019-09-19T16:59:30Z,11.0,68.761,192.91267,29.4023,29.141,10.7266,10.7631,os1901l3c078_ctd
2019-09-19T16:59:30Z,12.0,68.761,192.91267,29.8435,29.6269,10.8429,10.7926,os1901l3c078_ctd
2019-09-19T16:59:30Z,13.0,68.761,192.91267,30.4949,30.2477,10.2903,10.2877,os1901l3c078_ctd
2019-09-19T16:59:30Z,14.0,68.761,192.91267,30.6271,30.4261,10.2552,10.2506,os1901l3c078_ctd
2019-09-19T16:59:30Z,15.0,68.761,192.91267,30.6357,30.4388,10.2512,10.2505,os1901l3c078_ctd
2019-09-19T16:59:30Z,16.0,68.761,192.91267,30.669,30.4689,10.2353,10.2315,os1901l3c078_ctd
2019-09-19T16:59:30Z,17.0,68.761,192.91267,30.7347,30.5402,10.1685,10.1667,os1901l3c078_ctd
2019-09-19T16:59:30Z,18.0,68.761,192.91267,30.7569,30.5617,10.1425,10.1378,os1901l3c078_ctd
2019-09-19T16:59:30Z,19.0,68.761,192.91267,30.8267,30.6298,10.0772,10.0709,os1901l3c078_ctd
2019-09-19T16:59:30Z,20.0,68.761,192.91267,30.923,30.7268,9.9842,9.9773,os1901l3c078_ctd
2019-09-19T16:59:30Z,21.0,68.761,192.91267,30.9867,30.7896,9.9095,9.8872,os1901l3c078_ctd
2019-09-19T16:59:30Z,22.0,68.761,192.91267,31.1503,30.9641,9.593,9.5938,os1901l3c078_ctd
2019-09-19T16:59:30Z,23.0,68.761,192.91267,31.2358,31.0438,9.4891,9.4851,os1901l3c078_ctd
2019-09-19T16:59:30Z,24.0,68.761,192.91267,31.3248,31.1369,9.3661,9.3663,os1901l3c078_ctd
2019-09-19T16:59:30Z,25.0,68.761,192.91267,31.4178,31.2273,9.2079,9.2042,os1901l3c078_ctd
2019-09-19T16:59:30Z,26.0,68.761,192.91267,31.483,31.2948,9.108,9.109,os1901l3c078_ctd
2019-09-19T16:59:30Z,27.0,68.761,192.91267,31.504,31.3147,9.0747,9.0696,os1901l3c078_ctd
2019-09-19T16:59:30Z,28.0,68.761,192.91267,31.5257,31.3359,8.9814,8.9806,os1901l3c078_ctd
2019-09-19T16:59:30Z,29.0,68.761,192.91267,31.6149,31.4226,8.7903,8.774,os1901l3c078_ctd
2019-09-19T16:59:30Z,30.0,68.761,192.91267,31.6715,31.491,8.6718,8.6681,os1901l3c078_ctd
2019-09-19T16:59:30Z,31.0,68.761,192.91267,31.7052,31.5309,8.61,8.6117,os1901l3c078_ctd
2019-09-19T16:59:30Z,32.0,68.761,192.91267,31.7238,31.5517,8.5212,8.5289,os1901l3c078_ctd
2019-09-19T16:59:30Z,33.0,68.761,192.91267,31.7333,31.5635,8.4021,8.4115,os1901l3c078_ctd
2019-09-19T16:59:30Z,34.0,68.761,192.91267,31.7419,31.5696,8.3258,8.3191,os1901l3c078_ctd
2019-09-19T16:59:30Z,35.0,68.761,192.91267,31.7518,31.5796,8.2415,8.2288,os1901l3c078_ctd
2019-09-19T16:59:30Z,36.0,68.761,192.91267,31.7617,31.5922,8.1482,8.1559,os1901l3c078_ctd
2019-09-19T16:59:30Z,37.0,68.761,192.91267,31.7709,31.6015,8.0791,8.0832,os1901l3c078_ctd
2019-09-19T16:59:30Z,38.0,68.761,192.91267,31.7799,31.6096,8.0218,8.0205,os1901l3c078_ctd
2019-09-19T16:59:30Z,39.0,68.761,192.91267,31.7886,31.6221,7.9438,7.9516,os1901l3c078_ctd
2019-09-19T23:53:11Z,0.0,68.75066,191.503,30.5901,30.566,7.6543,7.6529,os1901l3c079_ctd
2019-09-19T23:53:11Z,1.0,68.75066,191.503,30.5901,30.566,7.6543,7.6529,os1901l3c079_ctd
2019-09-19T23:53:11Z,2.0,68.75066,191.503,30.5901,30.566,7.6543,7.6529,os1901l3c079_ctd
2019-09-19T23:53:11Z,3.0,68.75066,191.503,30.6609,30.6368,7.638,7.6363,os1901l3c079_ctd
2019-09-19T23:53:11Z,4.0,68.75066,191.503,31.5132,31.4309,7.293,7.2732,os1901l3c079_ctd
2019-09-19T23:53:11Z,5.0,68.75066,191.503,31.9076,31.8974,6.9353,6.9531,os1901l3c079_ctd
2019-09-19T23:53:11Z,6.0,68.75066,191.503,31.9639,31.9529,6.7865,6.7934,os1901l3c079_ctd
2019-09-19T23:53:11Z,7.0,68.75066,191.503,32.0363,32.0273,6.5533,6.5662,os1901l3c079_ctd
2019-09-19T23:53:11Z,8.0,68.75066,191.503,32.0951,32.0781,6.4062,6.4017,os1901l3c079_ctd
2019-09-19T23:53:11Z,9.0,68.75066,191.503,32.1223,32.1082,6.299,6.3025,os1901l3c079_ctd
2019-09-19T23:53:11Z,10.0,68.75066,191.503,32.166,32.1527,6.1721,6.177,os1901l3c079_ctd
2019-09-19T23:53:11Z,11.0,68.75066,191.503,32.184,32.1693,6.1054,6.1108,os1901l3c079_ctd
2019-09-19T23:53:11Z,12.0,68.75066,191.503,32.1946,32.1909,5.9266,5.9535,os1901l3c079_ctd
2019-09-19T23:53:11Z,13.0,68.75066,191.503,32.2372,32.2288,5.7665,5.7892,os1901l3c079_ctd
2019-09-19T23:53:11Z,14.0,68.75066,191.503,32.2432,32.2346,5.6005,5.612,os1901l3c079_ctd
2019-09-19T23:53:11Z,15.0,68.75066,191.503,32.2667,32.2503,5.411,5.4241,os1901l3c079_ctd
2019-09-19T23:53:11Z,16.0,68.75066,191.503,32.3165,32.2992,5.524,5.5245,os1901l3c079_ctd
2019-09-19T23:53:11Z,17.0,68.75066,191.503,32.331,32.3164,5.5148,5.5182,os1901l3c079_ctd
2019-09-19T23:53:11Z,18.0,68.75066,191.503,32.339,32.3258,5.4506,5.4594,os1901l3c079_ctd
2019-09-19T23:53:11Z,19.0,68.75066,191.503,32.3413,32.3256,5.4099,5.4128,os1901l3c079_ctd
2019-09-19T23:53:11Z,20.0,68.75066,191.503,32.3506,32.3364,5.3781,5.3795,os1901l3c079_ctd
2019-09-19T23:53:11Z,21.0,68.75066,191.503,32.3585,32.3436,5.354,5.3539,os1901l3c079_ctd
2019-09-19T23:53:11Z,22.0,68.75066,191.503,32.3637,32.35,5.3414,5.3442,os1901l3c079_ctd
2019-09-19T23:53:11Z,23.0,68.75066,191.503,32.3678,32.3545,5.2856,5.289,os1901l3c079_ctd
2019-09-19T23:53:11Z,24.0,68.75066,191.503,32.3708,32.3564,5.2471,5.2477,os1901l3c079_ctd
2019-09-19T23:53:11Z,25.0,68.75066,191.503,32.3686,32.3554,5.1973,5.2092,os1901l3c079_ctd
2019-09-19T23:53:11Z,26.0,68.75066,191.503,32.3652,32.3562,5.0171,5.0379,os1901l3c079_ctd
2019-09-19T23:53:11Z,27.0,68.75066,191.503,32.3634,32.3631,4.8098,4.848,os1901l3c079_ctd
2019-09-19T23:53:11Z,28.0,68.75066,191.503,32.3805,32.3734,4.6039,4.6273,os1901l3c079_ctd
2019-09-19T23:53:11Z,29.0,68.75066,191.503,32.394,32.3849,4.4837,4.5049,os1901l3c079_ctd
2019-09-19T23:53:11Z,30.0,68.75066,191.503,32.4027,32.3945,4.3636,4.3851,os1901l3c079_ctd
2019-09-19T23:53:11Z,31.0,68.75066,191.503,32.4268,32.4243,4.1512,4.1757,os1901l3c079_ctd
2019-09-19T23:53:11Z,32.0,68.75066,191.503,32.4671,32.4617,3.9627,3.9884,os1901l3c079_ctd
2019-09-19T23:53:11Z,33.0,68.75066,191.503,32.5052,32.4985,3.7841,3.7981,os1901l3c079_ctd
2019-09-19T23:53:11Z,34.0,68.75066,191.503,32.5334,32.5212,3.6604,3.6697,os1901l3c079_ctd
2019-09-19T23:53:11Z,35.0,68.75066,191.503,32.5441,32.5308,3.5975,3.6024,os1901l3c079_ctd
2019-09-19T23:53:11Z,36.0,68.75066,191.503,32.5658,32.5539,3.4779,3.4833,os1901l3c079_ctd
2019-09-19T23:53:11Z,37.0,68.75066,191.503,32.5858,32.5737,3.367,3.3717,os1901l3c079_ctd
2019-09-19T23:53:11Z,38.0,68.75066,191.503,32.5922,32.5783,3.3416,3.3409,os1901l3c079_ctd
2019-09-19T23:53:11Z,39.0,68.75066,191.503,32.5954,32.5813,3.3256,3.3238,os1901l3c079_ctd
2019-09-19T23:53:11Z,40.0,68.75066,191.503,32.5984,32.584,3.3088,3.3056,os1901l3c079_ctd
2019-09-19T23:53:11Z,41.0,68.75066,191.503,32.602,32.5879,3.2848,3.2807,os1901l3c079_ctd
2019-09-19T23:53:11Z,42.0,68.75066,191.503,32.6166,32.5982,3.2096,3.1882,os1901l3c079_ctd
2019-09-19T23:53:11Z,43.0,68.75066,191.503,32.6287,32.6157,3.0997,3.0896,os1901l3c079_ctd
2019-09-19T23:53:11Z,44.0,68.75066,191.503,32.6652,32.6543,2.8041,2.7876,os1901l3c079_ctd
2019-09-19T23:53:11Z,45.0,68.75066,191.503,32.6876,32.677,2.6391,2.6447,os1901l3c079_ctd
2019-09-19T23:53:11Z,46.0,68.75066,191.503,32.6926,32.6774,2.6235,2.6168,os1901l3c079_ctd
2019-09-19T23:53:11Z,47.0,68.75066,191.503,32.6945,32.6797,2.6156,2.611,os1901l3c079_ctd
2019-09-19T23:53:11Z,48.0,68.75066,191.503,32.6963,32.6816,2.6105,2.6085,os1901l3c079_ctd
2019-09-19T23:53:11Z,49.0,68.75066,191.503,32.6966,32.6816,2.612,2.6073,os1901l3c079_ctd
2019-09-19T23:53:11Z,50.0,68.75066,191.503,32.6956,32.6824,2.6081,2.6076,os1901l3c079_ctd
2019-09-20T16:58:00Z,0.0,68.002335,191.46834,32.1163,32.1138,6.3379,6.3176,os1901l3c080_ctd
2019-09-20T16:58:00Z,1.0,68.002335,191.46834,32.1163,32.1138,6.3379,6.3176,os1901l3c080_ctd
2019-09-20T16:58:00Z,2.0,68.002335,191.46834,32.1163,32.1138,6.3379,6.3176,os1901l3c080_ctd
2019-09-20T16:58:00Z,3.0,68.002335,191.46834,32.1163,32.1138,6.3379,6.3176,os1901l3c080_ctd
2019-09-20T16:58:00Z,4.0,68.002335,191.46834,32.1167,32.1146,6.3077,6.3107,os1901l3c080_ctd
2019-09-20T16:58:00Z,5.0,68.002335,191.46834,32.1159,32.1145,6.3085,6.3095,os1901l3c080_ctd
2019-09-20T16:58:00Z,6.0,68.002335,191.46834,32.117,32.1144,6.3166,6.3122,os1901l3c080_ctd
2019-09-20T16:58:00Z,7.0,68.002335,191.46834,32.1169,32.114,6.299,6.3006,os1901l3c080_ctd
2019-09-20T16:58:00Z,8.0,68.002335,191.46834,32.117,32.1147,6.3003,6.2994,os1901l3c080_ctd
2019-09-20T16:58:00Z,9.0,68.002335,191.46834,32.1174,32.1146,6.2994,6.2977,os1901l3c080_ctd
2019-09-20T16:58:00Z,10.0,68.002335,191.46834,32.1173,32.1149,6.2949,6.2944,os1901l3c080_ctd
2019-09-20T16:58:00Z,11.0,68.002335,191.46834,32.1248,32.1228,6.244,6.2393,os1901l3c080_ctd
2019-09-20T16:58:00Z,12.0,68.002335,191.46834,32.1835,32.1667,6.0153,5.9835,os1901l3c080_ctd
2019-09-20T16:58:00Z,13.0,68.002335,191.46834,32.3677,32.3909,5.3669,5.4429,os1901l3c080_ctd
2019-09-20T16:58:00Z,14.0,68.002335,191.46834,32.6285,32.601,4.8411,4.7859,os1901l3c080_ctd
2019-09-20T16:58:00Z,15.0,68.002335,191.46834,32.769,32.7582,4.5735,4.558,os1901l3c080_ctd
2019-09-20T16:58:00Z,16.0,68.002335,191.46834,32.8222,32.8172,4.4546,4.4484,os1901l3c080_ctd
2019-09-20T16:58:00Z,17.0,68.002335,191.46834,32.8765,32.873,4.3316,4.3285,os1901l3c080_ctd
2019-09-20T16:58:00Z,18.0,68.002335,191.46834,32.8933,32.8922,4.2642,4.2682,os1901l3c080_ctd
2019-09-20T16:58:00Z,19.0,68.002335,191.46834,32.9026,32.8997,4.2338,4.2324,os1901l3c080_ctd
2019-09-20T16:58:00Z,20.0,68.002335,191.46834,32.914,32.9116,4.1827,4.1778,os1901l3c080_ctd
2019-09-20T16:58:00Z,21.0,68.002335,191.46834,32.9254,32.9223,4.1281,4.1251,os1901l3c080_ctd
2019-09-20T16:58:00Z,22.0,68.002335,191.46834,32.936,32.9317,4.0818,4.0751,os1901l3c080_ctd
2019-09-20T16:58:00Z,23.0,68.002335,191.46834,32.9456,32.9432,4.0499,4.0501,os1901l3c080_ctd
2019-09-20T16:58:00Z,24.0,68.002335,191.46834,32.9449,32.9433,4.0056,4.0177,os1901l3c080_ctd
2019-09-20T16:58:00Z,25.0,68.002335,191.46834,32.9422,32.9389,3.9095,3.9134,os1901l3c080_ctd
2019-09-20T16:58:00Z,26.0,68.002335,191.46834,32.9485,32.9452,3.9315,3.9425,os1901l3c080_ctd
2019-09-20T16:58:00Z,27.0,68.002335,191.46834,32.9446,32.9386,3.8886,3.8955,os1901l3c080_ctd
2019-09-20T16:58:00Z,28.0,68.002335,191.46834,NaN,NaN,NaN,NaN,os1901l3c080_ctd
2019-09-20T16:58:00Z,29.0,68.002335,191.46834,32.9378,32.9355,3.7897,3.7911,os1901l3c080_ctd
2019-09-20T16:58:00Z,30.0,68.002335,191.46834,32.9403,32.9382,3.7815,3.7803,os1901l3c080_ctd
2019-09-20T16:58:00Z,31.0,68.002335,191.46834,32.9429,32.9404,3.7807,3.7787,os1901l3c080_ctd
2019-09-20T16:58:00Z,32.0,68.002335,191.46834,32.9545,32.9563,3.8307,3.8193,os1901l3c080_ctd
2019-09-20T16:58:00Z,33.0,68.002335,191.46834,32.9667,32.9632,3.8796,3.869,os1901l3c080_ctd
2019-09-20T16:58:00Z,34.0,68.002335,191.46834,32.9663,32.9631,3.8833,3.882,os1901l3c080_ctd
2019-09-20T16:58:00Z,35.0,68.002335,191.46834,32.9654,32.9641,3.8609,3.8644,os1901l3c080_ctd
2019-09-20T16:58:00Z,36.0,68.002335,191.46834,32.9683,32.9652,3.8404,3.8398,os1901l3c080_ctd
2019-09-20T16:58:00Z,37.0,68.002335,191.46834,32.9671,32.9667,3.7762,3.7948,os1901l3c080_ctd
2019-09-20T16:58:00Z,38.0,68.002335,191.46834,32.961,32.9689,3.6778,3.7285,os1901l3c080_ctd
2019-09-20T16:58:00Z,39.0,68.002335,191.46834,32.9692,32.97,3.646,3.6511,os1901l3c080_ctd
2019-09-20T16:58:00Z,40.0,68.002335,191.46834,32.9729,32.9702,3.6466,3.6418,os1901l3c080_ctd
2019-09-20T16:58:00Z,41.0,68.002335,191.46834,32.9731,32.9699,3.6378,3.637,os1901l3c080_ctd
2019-09-20T16:58:00Z,42.0,68.002335,191.46834,32.9731,32.9703,3.6387,3.6347,os1901l3c080_ctd
2019-09-20T16:58:00Z,43.0,68.002335,191.46834,32.9732,32.9707,3.635,3.6344,os1901l3c080_ctd
2019-09-20T16:58:00Z,44.0,68.002335,191.46834,32.9732,32.9701,3.635,3.6339,os1901l3c080_ctd
2019-09-20T16:58:00Z,45.0,68.002335,191.46834,32.9731,32.9703,3.6351,3.6342,os1901l3c080_ctd
2019-09-20T16:58:00Z,46.0,68.002335,191.46834,32.9731,32.9703,3.6352,3.6341,os1901l3c080_ctd
2019-09-20T16:58:00Z,47.0,68.002335,191.46834,32.9731,32.97,3.636,3.6348,os1901l3c080_ctd
2019-09-20T16:58:00Z,48.0,68.002335,191.46834,32.973,32.9699,3.636,3.6347,os1901l3c080_ctd
2019-09-20T16:58:00Z,49.0,68.002335,191.46834,32.9731,32.9701,3.6357,3.6344,os1901l3c080_ctd
2019-09-20T16:58:00Z,50.0,68.002335,191.46834,32.9729,32.9701,3.6359,3.6347,os1901l3c080_ctd
2019-09-20T16:58:00Z,51.0,68.002335,191.46834,32.9731,32.9701,3.6356,3.6343,os1901l3c080_ctd
2019-09-20T16:58:00Z,52.0,68.002335,191.46834,32.9729,32.9701,3.6358,3.6347,os1901l3c080_ctd
2019-09-20T16:58:00Z,53.0,68.002335,191.46834,32.9728,32.97,3.6351,3.6346,os1901l3c080_ctd
2019-09-20T16:58:00Z,54.0,68.002335,191.46834,32.9729,32.9702,3.635,3.6342,os1901l3c080_ctd
2019-09-20T16:58:00Z,55.0,68.002335,191.46834,32.973,32.9702,3.635,3.6337,os1901l3c080_ctd
2019-09-20T16:58:00Z,56.0,68.002335,191.46834,32.9728,32.9699,3.6361,3.6351,os1901l3c080_ctd
2019-09-20T22:44:08Z,0.0,68.00217,192.79134,31.9053,31.9026,8.0311,8.0359,os1901l3c081_ctd
2019-09-20T22:44:08Z,1.0,68.00217,192.79134,31.9053,31.9026,8.0311,8.0359,os1901l3c081_ctd
2019-09-20T22:44:08Z,2.0,68.00217,192.79134,31.9053,31.9026,8.0311,8.0359,os1901l3c081_ctd
2019-09-20T22:44:08Z,3.0,68.00217,192.79134,31.9053,31.9032,8.0237,8.0187,os1901l3c081_ctd
2019-09-20T22:44:08Z,4.0,68.00217,192.79134,31.9056,31.9031,8.0215,8.0223,os1901l3c081_ctd
2019-09-20T22:44:08Z,5.0,68.00217,192.79134,31.9058,31.9033,8.0231,8.0214,os1901l3c081_ctd
2019-09-20T22:44:08Z,6.0,68.00217,192.79134,31.9055,31.903,8.0219,8.0219,os1901l3c081_ctd
2019-09-20T22:44:08Z,7.0,68.00217,192.79134,31.9054,31.9032,8.0203,8.0191,os1901l3c081_ctd
2019-09-20T22:44:08Z,8.0,68.00217,192.79134,31.9049,31.9029,8.0209,8.0196,os1901l3c081_ctd
2019-09-20T22:44:08Z,9.0,68.00217,192.79134,31.9045,31.9027,8.0117,8.011,os1901l3c081_ctd
2019-09-20T22:44:08Z,10.0,68.00217,192.79134,31.9051,31.9026,8.0091,8.0087,os1901l3c081_ctd
2019-09-20T22:44:08Z,11.0,68.00217,192.79134,31.9053,31.9027,8.0117,8.0122,os1901l3c081_ctd
2019-09-20T22:44:08Z,12.0,68.00217,192.79134,31.9053,31.9029,8.0054,8.0115,os1901l3c081_ctd
2019-09-20T22:44:08Z,13.0,68.00217,192.79134,31.9055,31.903,7.9977,7.9973,os1901l3c081_ctd
2019-09-20T22:44:08Z,14.0,68.00217,192.79134,31.9057,31.9033,7.9965,7.9959,os1901l3c081_ctd
2019-09-20T22:44:08Z,15.0,68.00217,192.79134,31.906,31.9035,7.9965,7.9961,os1901l3c081_ctd
2019-09-20T22:44:08Z,16.0,68.00217,192.79134,31.9061,31.9034,7.9954,7.9944,os1901l3c081_ctd
2019-09-20T22:44:08Z,17.0,68.00217,192.79134,31.9062,31.9038,7.9938,7.9934,os1901l3c081_ctd
2019-09-20T22:44:08Z,18.0,68.00217,192.79134,31.9069,31.9039,7.9924,7.9912,os1901l3c081_ctd
2019-09-20T22:44:08Z,19.0,68.00217,192.79134,31.9069,31.9043,7.9913,7.99,os1901l3c081_ctd
2019-09-20T22:44:08Z,20.0,68.00217,192.79134,31.9076,31.9052,7.9876,7.9871,os1901l3c081_ctd
2019-09-20T22:44:08Z,21.0,68.00217,192.79134,31.9077,31.9052,7.9875,7.9868,os1901l3c081_ctd
2019-09-20T22:44:08Z,22.0,68.00217,192.79134,31.9082,31.9057,7.9863,7.9857,os1901l3c081_ctd
2019-09-20T22:44:08Z,23.0,68.00217,192.79134,31.9098,31.9076,7.9833,7.9832,os1901l3c081_ctd
2019-09-20T22:44:08Z,24.0,68.00217,192.79134,31.916,31.9135,7.9736,7.9728,os1901l3c081_ctd
2019-09-20T22:44:08Z,25.0,68.00217,192.79134,31.9276,31.9242,7.9427,7.9408,os1901l3c081_ctd
2019-09-20T22:44:08Z,26.0,68.00217,192.79134,31.9771,31.974,7.8087,7.8068,os1901l3c081_ctd
2019-09-20T22:44:08Z,27.0,68.00217,192.79134,32.0068,32.0046,7.7082,7.7084,os1901l3c081_ctd
2019-09-20T22:44:08Z,28.0,68.00217,192.79134,32.081,32.0606,7.3655,7.3435,os1901l3c081_ctd
2019-09-20T22:44:08Z,29.0,68.00217,192.79134,32.154,32.1525,6.9518,6.9401,os1901l3c081_ctd
2019-09-20T22:44:08Z,30.0,68.00217,192.79134,32.1736,32.1741,6.7757,6.7798,os1901l3c081_ctd
2019-09-20T22:44:08Z,31.0,68.00217,192.79134,32.1999,32.1975,6.6589,6.6555,os1901l3c081_ctd
2019-09-20T22:44:08Z,32.0,68.00217,192.79134,32.2105,32.2073,6.6064,6.6005,os1901l3c081_ctd
2019-09-20T22:44:08Z,33.0,68.00217,192.79134,32.2211,32.2193,6.5479,6.5473,os1901l3c081_ctd
2019-09-20T22:44:08Z,34.0,68.00217,192.79134,32.2256,32.2237,6.5335,6.5336,os1901l3c081_ctd
2019-09-20T22:44:08Z,35.0,68.00217,192.79134,32.2367,32.2343,6.5129,6.5101,os1901l3c081_ctd
2019-09-20T22:44:08Z,36.0,68.00217,192.79134,32.2492,32.2444,6.4373,6.426,os1901l3c081_ctd
2019-09-20T22:44:08Z,37.0,68.00217,192.79134,32.2792,32.2757,6.2243,6.222,os1901l3c081_ctd
2019-09-20T22:44:08Z,38.0,68.00217,192.79134,32.2778,32.2907,6.1298,6.1271,os1901l3c081_ctd
2019-09-20T22:44:08Z,39.0,68.00217,192.79134,32.2973,32.2951,6.1006,6.0985,os1901l3c081_ctd
2019-09-20T22:44:08Z,40.0,68.00217,192.79134,32.2987,32.2959,6.0969,6.0954,os1901l3c081_ctd
2019-09-20T22:44:08Z,41.0,68.00217,192.79134,32.2987,32.2962,6.0966,6.0953,os1901l3c081_ctd
2019-09-20T22:44:08Z,42.0,68.00217,192.79134,32.2983,32.2961,6.0954,6.0949,os1901l3c081_ctd
2019-09-20T22:44:08Z,43.0,68.00217,192.79134,32.3029,32.2984,6.0413,6.0287,os1901l3c081_ctd
2019-09-20T22:44:08Z,44.0,68.00217,192.79134,32.3075,32.3051,5.9875,5.9857,os1901l3c081_ctd
2019-09-20T22:44:08Z,45.0,68.00217,192.79134,32.3153,32.3138,5.9451,5.9304,os1901l3c081_ctd
2019-09-20T22:44:08Z,46.0,68.00217,192.79134,32.3414,32.3382,5.8237,5.8153,os1901l3c081_ctd
2019-09-20T22:44:08Z,47.0,68.00217,192.79134,32.3534,32.3462,5.7779,5.7608,os1901l3c081_ctd
2019-09-20T22:44:08Z,48.0,68.00217,192.79134,32.3573,32.3542,5.7466,5.744,os1901l3c081_ctd
2019-09-20T22:44:08Z,49.0,68.00217,192.79134,32.3579,32.3526,5.7514,5.7435,os1901l3c081_ctd
2019-09-20T22:44:08Z,50.0,68.00217,192.79134,32.3568,32.3549,5.7493,5.7505,os1901l3c081_ctd
2019-09-20T22:44:08Z,51.0,68.00217,192.79134,32.3601,32.3585,5.7301,5.7348,os1901l3c081_ctd
2019-09-20T22:44:08Z,52.0,68.00217,192.79134,32.3719,32.3716,5.6721,5.6728,os1901l3c081_ctd
2019-09-20T22:44:08Z,53.0,68.00217,192.79134,32.3855,32.3827,5.6149,5.6133,os1901l3c081_ctd
2019-09-21T17:23:24Z,0.0,68.00283,194.207,27.6978,27.696,9.3165,9.3189,os1901l3c082_ctd
2019-09-21T17:23:24Z,1.0,68.00283,194.207,27.6978,27.696,9.3165,9.3189,os1901l3c082_ctd
2019-09-21T17:23:24Z,2.0,68.00283,194.207,27.6978,27.696,9.3165,9.3189,os1901l3c082_ctd
2019-09-21T17:23:24Z,3.0,68.00283,194.207,27.6999,27.6968,9.319,9.3246,os1901l3c082_ctd
2019-09-21T17:23:24Z,4.0,68.00283,194.207,27.7009,27.6991,9.3356,9.3351,os1901l3c082_ctd
2019-09-21T17:23:24Z,5.0,68.00283,194.207,27.7031,27.7016,9.3388,9.3378,os1901l3c082_ctd
2019-09-21T17:23:24Z,6.0,68.00283,194.207,27.7126,27.7109,9.3492,9.3482,os1901l3c082_ctd
2019-09-21T17:23:24Z,7.0,68.00283,194.207,27.7278,27.7225,9.3632,9.3679,os1901l3c082_ctd
2019-09-21T17:23:24Z,8.0,68.00283,194.207,27.8196,27.7778,9.4128,9.4415,os1901l3c082_ctd
2019-09-21T17:23:24Z,9.0,68.00283,194.207,28.7707,28.7329,10.0747,10.0929,os1901l3c082_ctd
2019-09-21T17:23:24Z,10.0,68.00283,194.207,29.2675,29.2301,10.4176,10.4627,os1901l3c082_ctd
2019-09-21T17:23:24Z,11.0,68.00283,194.207,29.4896,29.4816,10.6406,10.6397,os1901l3c082_ctd
2019-09-21T17:23:24Z,12.0,68.00283,194.207,29.6169,29.6027,10.6236,10.6191,os1901l3c082_ctd
2019-09-21T17:23:24Z,13.0,68.00283,194.207,29.7099,29.6947,10.5976,10.5952,os1901l3c082_ctd
2019-09-21T17:23:24Z,14.0,68.00283,194.207,29.8307,29.8209,10.5823,10.5792,os1901l3c082_ctd
2019-09-21T17:23:24Z,15.0,68.00283,194.207,29.8718,29.87,10.5302,10.5289,os1901l3c082_ctd
2019-09-21T17:23:24Z,16.0,68.00283,194.207,30.0389,29.979,10.5253,10.5289,os1901l3c082_ctd
2019-09-21T17:23:24Z,17.0,68.00283,194.207,30.1995,30.1972,10.3201,10.3075,os1901l3c082_ctd
2019-09-21T17:23:24Z,18.0,68.00283,194.207,30.21,30.206,10.285,10.2831,os1901l3c082_ctd
2019-09-21T17:23:24Z,19.0,68.00283,194.207,30.297,30.2689,10.278,10.2737,os1901l3c082_ctd
2019-09-21T17:23:24Z,20.0,68.00283,194.207,30.385,30.3777,10.231,10.2287,os1901l3c082_ctd
2019-09-21T17:23:24Z,21.0,68.00283,194.207,30.4345,30.4243,10.2111,10.2071,os1901l3c082_ctd
2019-09-21T17:23:24Z,22.0,68.00283,194.207,30.471,30.4647,10.1943,10.192,os1901l3c082_ctd
2019-09-21T17:23:24Z,23.0,68.00283,194.207,30.4702,30.4664,10.1938,10.1927,os1901l3c082_ctd
2019-09-21T17:23:24Z,24.0,68.00283,194.207,30.4782,30.4775,10.189,10.1891,os1901l3c082_ctd
2019-09-21T17:23:24Z,25.0,68.00283,194.207,30.4923,30.4862,10.1814,10.1795,os1901l3c082_ctd
2019-09-21T23:57:07Z,0.0,67.6255,194.99884,29.7578,29.698,9.4138,9.4295,os1901l3c083_ctd
2019-09-21T23:57:07Z,1.0,67.6255,194.99884,29.7578,29.698,9.4138,9.4295,os1901l3c083_ctd
2019-09-21T23:57:07Z,2.0,67.6255,194.99884,29.7578,29.698,9.4138,9.4295,os1901l3c083_ctd
2019-09-21T23:57:07Z,3.0,67.6255,194.99884,29.7578,29.698,9.4138,9.4295,os1901l3c083_ctd
2019-09-21T23:57:07Z,4.0,67.6255,194.99884,29.8643,29.8828,9.4721,9.4864,os1901l3c083_ctd
2019-09-21T23:57:07Z,5.0,67.6255,194.99884,30.0781,30.0229,9.5166,9.5313,os1901l3c083_ctd
2019-09-21T23:57:07Z,6.0,67.6255,194.99884,30.2193,30.205,9.5692,9.5768,os1901l3c083_ctd
2019-09-21T23:57:07Z,7.0,67.6255,194.99884,30.2581,30.2432,9.5842,9.5969,os1901l3c083_ctd
2019-09-21T23:57:07Z,8.0,67.6255,194.99884,30.3232,30.3275,9.6309,9.6323,os1901l3c083_ctd
2019-09-21T23:57:07Z,9.0,67.6255,194.99884,30.3734,30.3693,9.6703,9.6708,os1901l3c083_ctd
2019-09-21T23:57:07Z,10.0,67.6255,194.99884,30.3842,30.3821,9.674,9.6739,os1901l3c083_ctd
2019-09-21T23:57:07Z,11.0,67.6255,194.99884,30.3894,30.3864,9.6818,9.6844,os1901l3c083_ctd
2019-09-21T23:57:07Z,12.0,67.6255,194.99884,30.3921,30.3886,9.6906,9.6907,os1901l3c083_ctd
2019-09-21T23:57:07Z,13.0,67.6255,194.99884,30.4958,30.4745,9.818,9.8645,os1901l3c083_ctd
2019-09-21T23:57:07Z,14.0,67.6255,194.99884,30.6015,30.596,10.0035,10.0089,os1901l3c083_ctd
2019-09-21T23:57:07Z,15.0,67.6255,194.99884,30.6127,30.6112,10.0229,10.0238,os1901l3c083_ctd
2019-09-21T23:57:07Z,16.0,67.6255,194.99884,30.6132,30.6114,10.0244,10.0248,os1901l3c083_ctd
2019-09-21T23:57:07Z,17.0,67.6255,194.99884,30.6297,30.6276,10.0235,10.0233,os1901l3c083_ctd
2019-09-21T23:57:07Z,18.0,67.6255,194.99884,30.635,30.6333,10.0083,10.006,os1901l3c083_ctd
2019-09-21T23:57:07Z,19.0,67.6255,194.99884,30.6333,30.6307,9.9596,9.9579,os1901l3c083_ctd
2019-09-21T23:57:07Z,20.0,67.6255,194.99884,30.6428,30.6388,9.9598,9.9616,os1901l3c083_ctd
2019-09-21T23:57:07Z,21.0,67.6255,194.99884,30.6575,30.6543,9.996,9.9954,os1901l3c083_ctd
2019-09-21T23:57:07Z,22.0,67.6255,194.99884,30.7171,30.7045,10.0163,10.0185,os1901l3c083_ctd
2019-09-21T23:57:07Z,23.0,67.6255,194.99884,30.8802,30.8744,10.048,10.0475,os1901l3c083_ctd
2019-09-21T23:57:07Z,24.0,67.6255,194.99884,31.005,31.0005,10.1753,10.1736,os1901l3c083_ctd
2019-09-21T23:57:07Z,25.0,67.6255,194.99884,31.162,31.1626,10.2526,10.2564,os1901l3c083_ctd
2019-09-21T23:57:07Z,26.0,67.6255,194.99884,31.189,31.181,10.2144,10.2257,os1901l3c083_ctd
2019-09-21T23:57:07Z,27.0,67.6255,194.99884,31.2107,31.236,10.1667,10.2192,os1901l3c083_ctd
2019-09-21T23:57:07Z,28.0,67.6255,194.99884,31.3167,31.3201,9.4413,9.4681,os1901l3c083_ctd
2019-09-21T23:57:07Z,29.0,67.6255,194.99884,31.422,31.4207,8.7057,8.7224,os1901l3c083_ctd
2019-09-21T23:57:07Z,30.0,67.6255,194.99884,31.4477,31.4448,8.5939,8.5978,os1901l3c083_ctd
2019-09-21T23:57:07Z,31.0,67.6255,194.99884,31.4525,31.4513,8.5831,8.5857,os1901l3c083_ctd
2019-09-21T23:57:07Z,32.0,67.6255,194.99884,31.4561,31.4547,8.579,8.5813,os1901l3c083_ctd
2019-09-21T23:57:07Z,33.0,67.6255,194.99884,31.4611,31.4597,8.5677,8.57,os1901l3c083_ctd
2019-09-21T23:57:07Z,34.0,67.6255,194.99884,31.4629,31.4615,8.5644,8.5671,os1901l3c083_ctd
2019-09-22T16:58:33Z,0.0,67.24567,191.50133,28.7929,28.795,8.0202,8.0199,os1901l3c084_ctd
2019-09-22T16:58:33Z,1.0,67.24567,191.50133,28.7929,28.795,8.0202,8.0199,os1901l3c084_ctd
2019-09-22T16:58:33Z,2.0,67.24567,191.50133,28.7929,28.795,8.0202,8.0199,os1901l3c084_ctd
2019-09-22T16:58:33Z,3.0,67.24567,191.50133,28.7926,28.79,8.0208,8.0202,os1901l3c084_ctd
2019-09-22T16:58:33Z,4.0,67.24567,191.50133,28.7931,28.7914,8.0219,8.0222,os1901l3c084_ctd
2019-09-22T16:58:33Z,5.0,67.24567,191.50133,28.7949,28.8006,8.0229,8.0216,os1901l3c084_ctd
2019-09-22T16:58:33Z,6.0,67.24567,191.50133,28.8008,28.8001,8.022,8.0222,os1901l3c084_ctd
2019-09-22T16:58:33Z,7.0,67.24567,191.50133,28.815,28.8112,8.0239,8.024,os1901l3c084_ctd
2019-09-22T16:58:33Z,8.0,67.24567,191.50133,28.8246,28.822,8.0243,8.0245,os1901l3c084_ctd
2019-09-22T16:58:33Z,9.0,67.24567,191.50133,29.5604,29.4041,7.9671,7.9422,os1901l3c084_ctd
2019-09-22T16:58:33Z,10.0,67.24567,191.50133,31.8796,31.7772,6.9657,6.8955,os1901l3c084_ctd
2019-09-22T16:58:33Z,11.0,67.24567,191.50133,32.3562,32.3578,5.9988,5.9846,os1901l3c084_ctd
2019-09-22T16:58:33Z,12.0,67.24567,191.50133,32.3203,32.3175,5.8296,5.8116,os1901l3c084_ctd
2019-09-22T16:58:33Z,13.0,67.24567,191.50133,32.3587,32.3493,5.8148,5.8208,os1901l3c084_ctd
2019-09-22T16:58:33Z,14.0,67.24567,191.50133,32.389,32.3844,5.7708,5.7529,os1901l3c084_ctd
2019-09-22T16:58:33Z,15.0,67.24567,191.50133,32.3787,32.3789,5.5344,5.4837,os1901l3c084_ctd
2019-09-22T16:58:33Z,16.0,67.24567,191.50133,32.3645,32.3645,5.2169,5.1949,os1901l3c084_ctd
2019-09-22T16:58:33Z,17.0,67.24567,191.50133,32.3301,32.3364,4.9111,4.8604,os1901l3c084_ctd
2019-09-22T16:58:33Z,18.0,67.24567,191.50133,32.3116,32.3094,4.3732,4.356,os1901l3c084_ctd
2019-09-22T16:58:33Z,19.0,67.24567,191.50133,32.3264,32.3242,4.3138,4.3107,os1901l3c084_ctd
2019-09-22T16:58:33Z,20.0,67.24567,191.50133,32.3365,32.3344,4.268,4.266,os1901l3c084_ctd
2019-09-22T16:58:33Z,21.0,67.24567,191.50133,32.3417,32.3392,4.2524,4.2509,os1901l3c084_ctd
2019-09-22T16:58:33Z,22.0,67.24567,191.50133,32.3441,32.3414,4.2464,4.2434,os1901l3c084_ctd
2019-09-22T16:58:33Z,23.0,67.24567,191.50133,32.3468,32.3443,4.2391,4.2383,os1901l3c084_ctd
2019-09-22T16:58:33Z,24.0,67.24567,191.50133,32.3521,32.3496,4.242,4.241,os1901l3c084_ctd
2019-09-22T16:58:33Z,25.0,67.24567,191.50133,32.3554,32.3501,4.2429,4.2442,os1901l3c084_ctd
2019-09-22T16:58:33Z,26.0,67.24567,191.50133,32.3649,32.3602,4.2629,4.2673,os1901l3c084_ctd
2019-09-22T16:58:33Z,27.0,67.24567,191.50133,32.3635,32.3606,4.2674,4.2665,os1901l3c084_ctd
2019-09-22T16:58:33Z,28.0,67.24567,191.50133,32.3635,32.3613,4.2679,4.2667,os1901l3c084_ctd
2019-09-22T16:58:33Z,29.0,67.24567,191.50133,32.3648,32.3627,4.275,4.272,os1901l3c084_ctd
2019-09-22T16:58:33Z,30.0,67.24567,191.50133,32.3661,32.3607,4.2692,4.2746,os1901l3c084_ctd
2019-09-22T16:58:33Z,31.0,67.24567,191.50133,32.3635,32.3602,4.2712,4.2712,os1901l3c084_ctd
2019-09-22T16:58:33Z,32.0,67.24567,191.50133,32.363,32.3588,4.2689,4.268,os1901l3c084_ctd
2019-09-22T16:58:33Z,33.0,67.24567,191.50133,32.3645,32.3613,4.2721,4.2741,os1901l3c084_ctd
2019-09-22T16:58:33Z,34.0,67.24567,191.50133,32.3661,32.3638,4.2874,4.2832,os1901l3c084_ctd
2019-09-22T16:58:33Z,35.0,67.24567,191.50133,32.3679,32.3655,4.3029,4.3004,os1901l3c084_ctd
2019-09-22T16:58:33Z,36.0,67.24567,191.50133,32.3667,32.364,4.2943,4.2948,os1901l3c084_ctd
2019-09-22T16:58:33Z,37.0,67.24567,191.50133,32.3687,32.3653,4.3032,4.3035,os1901l3c084_ctd
2019-09-22T16:58:33Z,38.0,67.24567,191.50133,32.368,32.3652,4.3086,4.3083,os1901l3c084_ctd
2019-09-22T16:58:33Z,39.0,67.24567,191.50133,32.3678,32.3652,4.3099,4.3093,os1901l3c084_ctd
2019-09-22T16:58:33Z,40.0,67.24567,191.50133,32.3669,32.364,4.2999,4.298,os1901l3c084_ctd
2019-09-22T16:58:33Z,41.0,67.24567,191.50133,32.3677,32.3647,4.3036,4.302,os1901l3c084_ctd
2019-09-22T16:58:33Z,42.0,67.24567,191.50133,32.3673,32.3643,4.3022,4.3018,os1901l3c084_ctd
2019-09-22T21:29:49Z,0.0,67.25083,192.794,28.3223,28.3204,9.4007,9.3991,os1901l3c085_ctd
2019-09-22T21:29:49Z,1.0,67.25083,192.794,28.3223,28.3204,9.4007,9.3991,os1901l3c085_ctd
2019-09-22T21:29:49Z,2.0,67.25083,192.794,28.3223,28.3204,9.4007,9.3991,os1901l3c085_ctd
2019-09-22T21:29:49Z,3.0,67.25083,192.794,28.3223,28.3204,9.4007,9.3991,os1901l3c085_ctd
2019-09-22T21:29:49Z,4.0,67.25083,192.794,28.3249,28.3222,9.3888,9.3885,os1901l3c085_ctd
2019-09-22T21:29:49Z,5.0,67.25083,192.794,28.3358,28.3303,9.3806,9.3771,os1901l3c085_ctd
2019-09-22T21:29:49Z,6.0,67.25083,192.794,28.5087,28.4936,9.227,9.2121,os1901l3c085_ctd
2019-09-22T21:29:49Z,7.0,67.25083,192.794,28.7605,28.7026,9.021,8.9653,os1901l3c085_ctd
2019-09-22T21:29:49Z,8.0,67.25083,192.794,29.1272,29.0774,8.6631,8.6214,os1901l3c085_ctd
2019-09-22T21:29:49Z,9.0,67.25083,192.794,29.4094,29.3338,8.4957,8.497,os1901l3c085_ctd
2019-09-22T21:29:49Z,10.0,67.25083,192.794,30.0848,29.9591,8.5295,8.5369,os1901l3c085_ctd
2019-09-22T21:29:49Z,11.0,67.25083,192.794,30.7647,30.7054,8.5385,8.5548,os1901l3c085_ctd
2019-09-22T21:29:49Z,12.0,67.25083,192.794,30.9993,30.9573,8.2037,8.2053,os1901l3c085_ctd
2019-09-22T21:29:49Z,13.0,67.25083,192.794,31.3058,31.2352,8.2626,8.3652,os1901l3c085_ctd
2019-09-22T21:29:49Z,14.0,67.25083,192.794,31.3917,31.3815,8.8023,8.811,os1901l3c085_ctd
2019-09-22T21:29:49Z,15.0,67.25083,192.794,31.4652,31.4584,8.7302,8.7217,os1901l3c085_ctd
2019-09-22T21:29:49Z,16.0,67.25083,192.794,31.5054,31.4987,8.6483,8.6371,os1901l3c085_ctd
2019-09-22T21:29:49Z,17.0,67.25083,192.794,31.587,31.5773,8.4414,8.4132,os1901l3c085_ctd
2019-09-22T21:29:49Z,18.0,67.25083,192.794,31.6155,31.6132,8.3386,8.3385,os1901l3c085_ctd
2019-09-22T21:29:49Z,19.0,67.25083,192.794,31.623,31.6211,8.3016,8.297,os1901l3c085_ctd
2019-09-22T21:29:49Z,20.0,67.25083,192.794,31.623,31.6229,8.2499,8.2486,os1901l3c085_ctd
2019-09-22T21:29:49Z,21.0,67.25083,192.794,31.6593,31.653,8.1332,8.1244,os1901l3c085_ctd
2019-09-22T21:29:49Z,22.0,67.25083,192.794,31.6767,31.6724,8.1194,8.1188,os1901l3c085_ctd
2019-09-22T21:29:49Z,23.0,67.25083,192.794,31.7037,31.6977,7.9679,7.9234,os1901l3c085_ctd
2019-09-22T21:29:49Z,24.0,67.25083,192.794,31.7169,31.7162,7.8309,7.8282,os1901l3c085_ctd
2019-09-22T21:29:49Z,25.0,67.25083,192.794,31.7282,31.7237,7.7617,7.7453,os1901l3c085_ctd
2019-09-22T21:29:49Z,26.0,67.25083,192.794,31.7726,31.7629,7.6266,7.5874,os1901l3c085_ctd
2019-09-22T21:29:49Z,27.0,67.25083,192.794,31.8081,31.805,7.5115,7.5073,os1901l3c085_ctd
2019-09-22T21:29:49Z,28.0,67.25083,192.794,31.8127,31.81,7.4963,7.4946,os1901l3c085_ctd
2019-09-22T21:29:49Z,29.0,67.25083,192.794,31.8155,31.8126,7.4773,7.4744,os1901l3c085_ctd
2019-09-22T21:29:49Z,30.0,67.25083,192.794,31.8234,31.8189,7.4562,7.4492,os1901l3c085_ctd
2019-09-22T21:29:49Z,31.0,67.25083,192.794,31.8396,31.8363,7.3907,7.3848,os1901l3c085_ctd
2019-09-22T21:29:49Z,32.0,67.25083,192.794,31.8516,31.8481,7.3357,7.3303,os1901l3c085_ctd
2019-09-22T21:29:49Z,33.0,67.25083,192.794,31.856,31.853,7.3215,7.3198,os1901l3c085_ctd
2019-09-22T21:29:49Z,34.0,67.25083,192.794,31.8571,31.8541,7.3186,7.3177,os1901l3c085_ctd
2019-09-22T21:29:49Z,35.0,67.25083,192.794,31.8588,31.8549,7.3174,7.3188,os1901l3c085_ctd
2019-09-22T21:29:49Z,36.0,67.25083,192.794,31.8609,31.8583,7.3251,7.3242,os1901l3c085_ctd
2019-09-22T21:29:49Z,37.0,67.25083,192.794,31.8649,31.8621,7.3267,7.3256,os1901l3c085_ctd
2019-09-22T21:29:49Z,38.0,67.25083,192.794,31.8641,31.8609,7.3281,7.3265,os1901l3c085_ctd
2019-09-22T21:29:49Z,39.0,67.25083,192.794,31.8671,31.8643,7.3219,7.3209,os1901l3c085_ctd
2019-09-22T21:29:49Z,40.0,67.25083,192.794,31.8705,31.8681,7.3153,7.3148,os1901l3c085_ctd
2019-09-22T21:29:49Z,41.0,67.25083,192.794,31.8827,31.8774,7.29,7.2778,os1901l3c085_ctd
2019-09-23T16:45:50Z,0.0,67.25017,194.118,29.582,29.5785,9.2586,9.2577,os1901l3c086_ctd
2019-09-23T16:45:50Z,1.0,67.25017,194.118,29.582,29.5785,9.2586,9.2577,os1901l3c086_ctd
2019-09-23T16:45:50Z,2.0,67.25017,194.118,29.582,29.5785,9.2586,9.2577,os1901l3c086_ctd
2019-09-23T16:45:50Z,3.0,67.25017,194.118,29.5792,29.5747,9.2831,9.2796,os1901l3c086_ctd
2019-09-23T16:45:50Z,4.0,67.25017,194.118,29.5778,29.5757,9.2875,9.2883,os1901l3c086_ctd
2019-09-23T16:45:50Z,5.0,67.25017,194.118,29.5793,29.5762,9.2883,9.2886,os1901l3c086_ctd
2019-09-23T16:45:50Z,6.0,67.25017,194.118,29.5923,29.5882,9.3015,9.3041,os1901l3c086_ctd
2019-09-23T16:45:50Z,7.0,67.25017,194.118,29.68,29.7297,9.2973,9.312,os1901l3c086_ctd
2019-09-23T16:45:50Z,8.0,67.25017,194.118,29.95,29.974,9.1922,9.2031,os1901l3c086_ctd
2019-09-23T16:45:50Z,9.0,67.25017,194.118,30.154,30.1667,9.1059,9.1124,os1901l3c086_ctd
2019-09-23T16:45:50Z,10.0,67.25017,194.118,30.355,30.3847,8.9836,9.0078,os1901l3c086_ctd
2019-09-23T16:45:50Z,11.0,67.25017,194.118,30.5357,30.5471,8.968,8.9524,os1901l3c086_ctd
2019-09-23T16:45:50Z,12.0,67.25017,194.118,30.7049,30.7069,9.0006,8.9979,os1901l3c086_ctd
2019-09-23T16:45:50Z,13.0,67.25017,194.118,30.7455,30.7522,9.005,8.9784,os1901l3c086_ctd
2019-09-23T16:45:50Z,14.0,67.25017,194.118,NaN,NaN,NaN,NaN,os1901l3c086_ctd
2019-09-23T16:45:50Z,15.0,67.25017,194.118,30.9232,30.9275,9.0668,9.0658,os1901l3c086_ctd
2019-09-23T16:45:50Z,16.0,67.25017,194.118,30.9602,30.9547,9.0651,9.0642,os1901l3c086_ctd
2019-09-23T16:45:50Z,17.0,67.25017,194.118,31.0223,31.0205,9.1103,9.1028,os1901l3c086_ctd
2019-09-23T16:45:50Z,18.0,67.25017,194.118,31.0575,31.0627,9.1516,9.1443,os1901l3c086_ctd
2019-09-23T16:45:50Z,19.0,67.25017,194.118,31.2122,31.2178,9.2736,9.2456,os1901l3c086_ctd
2019-09-23T16:45:50Z,20.0,67.25017,194.118,31.2687,31.269,9.4297,9.4162,os1901l3c086_ctd
2019-09-23T16:45:50Z,21.0,67.25017,194.118,31.2735,31.2713,9.4508,9.4452,os1901l3c086_ctd
2019-09-23T16:45:50Z,22.0,67.25017,194.118,31.2825,31.2825,9.4853,9.4745,os1901l3c086_ctd
2019-09-23T16:45:50Z,23.0,67.25017,194.118,31.2978,31.2913,9.5202,9.5274,os1901l3c086_ctd
2019-09-23T16:45:50Z,24.0,67.25017,194.118,31.3013,31.2986,9.5457,9.5431,os1901l3c086_ctd
2019-09-23T16:45:50Z,25.0,67.25017,194.118,31.3028,31.3011,9.5533,9.5542,os1901l3c086_ctd
2019-09-23T16:45:50Z,26.0,67.25017,194.118,31.3013,31.3,9.5317,9.5337,os1901l3c086_ctd
2019-09-23T16:45:50Z,27.0,67.25017,194.118,31.3032,31.3013,9.5146,9.5183,os1901l3c086_ctd
2019-09-23T16:45:50Z,28.0,67.25017,194.118,31.3103,31.3103,9.5307,9.5222,os1901l3c086_ctd
2019-09-23T16:45:50Z,29.0,67.25017,194.118,31.3193,31.3167,9.5446,9.543,os1901l3c086_ctd
2019-09-23T16:45:50Z,30.0,67.25017,194.118,31.3239,31.3208,9.5516,9.5501,os1901l3c086_ctd
2019-09-23T16:45:50Z,31.0,67.25017,194.118,31.3297,31.328,9.5516,9.5521,os1901l3c086_ctd
2019-09-23T16:45:50Z,32.0,67.25017,194.118,31.3305,31.3295,9.5486,9.5507,os1901l3c086_ctd
2019-09-23T21:42:27Z,0.0,67.25066,195.28767,29.995,29.9941,9.5772,9.5754,os1901l3c087_ctd
2019-09-23T21:42:27Z,1.0,67.25066,195.28767,29.995,29.9941,9.5772,9.5754,os1901l3c087_ctd
2019-09-23T21:42:27Z,2.0,67.25066,195.28767,29.995,29.9941,9.5772,9.5754,os1901l3c087_ctd
2019-09-23T21:42:27Z,3.0,67.25066,195.28767,30.0062,30.0009,9.5813,9.583,os1901l3c087_ctd
2019-09-23T21:42:27Z,4.0,67.25066,195.28767,30.0077,30.0047,9.5835,9.5839,os1901l3c087_ctd
2019-09-23T21:42:27Z,5.0,67.25066,195.28767,30.0122,30.0084,9.5859,9.5872,os1901l3c087_ctd
2019-09-23T21:42:27Z,6.0,67.25066,195.28767,30.0402,30.0283,9.5995,9.6053,os1901l3c087_ctd
2019-09-23T21:42:27Z,7.0,67.25066,195.28767,30.0742,30.073,9.6304,9.6304,os1901l3c087_ctd
2019-09-23T21:42:27Z,8.0,67.25066,195.28767,30.0935,30.0706,9.628,9.6429,os1901l3c087_ctd
2019-09-23T21:42:27Z,9.0,67.25066,195.28767,30.2034,30.1965,9.7146,9.7172,os1901l3c087_ctd
2019-09-23T21:42:27Z,10.0,67.25066,195.28767,30.2444,30.2398,9.7424,9.7432,os1901l3c087_ctd
2019-09-23T21:42:27Z,11.0,67.25066,195.28767,30.256,30.2517,9.7472,9.7476,os1901l3c087_ctd
2019-09-23T21:42:27Z,12.0,67.25066,195.28767,30.2671,30.263,9.7537,9.7549,os1901l3c087_ctd
2019-09-23T21:42:27Z,13.0,67.25066,195.28767,30.2798,30.2763,9.7653,9.7671,os1901l3c087_ctd
2019-09-23T21:42:27Z,14.0,67.25066,195.28767,30.2952,30.2907,9.7849,9.7868,os1901l3c087_ctd
2019-09-23T21:42:27Z,15.0,67.25066,195.28767,30.3006,30.2981,9.7967,9.7963,os1901l3c087_ctd
2019-09-23T21:42:27Z,16.0,67.25066,195.28767,30.3014,30.2985,9.7964,9.7965,os1901l3c087_ctd
2019-09-23T21:42:27Z,17.0,67.25066,195.28767,30.3011,30.299,9.7943,9.7931,os1901l3c087_ctd
2019-09-23T21:42:27Z,18.0,67.25066,195.28767,30.3015,30.2988,9.7924,9.7921,os1901l3c087_ctd
2019-09-23T21:42:27Z,19.0,67.25066,195.28767,30.3025,30.2998,9.7944,9.7946,os1901l3c087_ctd
2019-09-23T21:42:27Z,20.0,67.25066,195.28767,30.3089,30.3052,9.8052,9.8078,os1901l3c087_ctd
2019-09-23T21:42:27Z,21.0,67.25066,195.28767,30.3337,30.3244,9.836,9.8423,os1901l3c087_ctd
2019-09-23T21:42:27Z,22.0,67.25066,195.28767,30.7226,30.6653,9.9187,9.9356,os1901l3c087_ctd
2019-09-23T21:42:27Z,23.0,67.25066,195.28767,30.9247,30.9097,9.9034,9.879,os1901l3c087_ctd
2019-09-23T21:42:27Z,24.0,67.25066,195.28767,30.9467,30.938,9.7153,9.6408,os1901l3c087_ctd
2019-09-23T21:42:27Z,25.0,67.25066,195.28767,31.0151,31.0051,9.4391,9.391,os1901l3c087_ctd
2019-09-23T21:42:27Z,26.0,67.25066,195.28767,31.2241,31.1826,8.9497,8.8618,os1901l3c087_ctd
2019-09-23T21:42:27Z,27.0,67.25066,195.28767,31.3309,31.3369,8.5795,8.5959,os1901l3c087_ctd
2019-09-23T21:42:27Z,28.0,67.25066,195.28767,31.3478,31.3427,8.5889,8.5824,os1901l3c087_ctd
2019-09-23T21:42:27Z,29.0,67.25066,195.28767,31.3559,31.3532,8.5742,8.5726,os1901l3c087_ctd
2019-09-24T04:37:37Z,0.0,66.873665,195.00116,29.7299,29.7265,10.1264,10.1298,os1901l3c088_ctd
2019-09-24T04:37:37Z,1.0,66.873665,195.00116,29.7299,29.7265,10.1264,10.1298,os1901l3c088_ctd
2019-09-24T04:37:37Z,2.0,66.873665,195.00116,29.7299,29.7265,10.1264,10.1298,os1901l3c088_ctd
2019-09-24T04:37:37Z,3.0,66.873665,195.00116,29.7299,29.7265,10.1264,10.1298,os1901l3c088_ctd
2019-09-24T04:37:37Z,4.0,66.873665,195.00116,29.7311,29.7279,10.1257,10.1284,os1901l3c088_ctd
2019-09-24T04:37:37Z,5.0,66.873665,195.00116,29.7314,29.7274,10.1218,10.1271,os1901l3c088_ctd
2019-09-24T04:37:37Z,6.0,66.873665,195.00116,29.7379,29.7353,10.1382,10.1469,os1901l3c088_ctd
2019-09-24T04:37:37Z,7.0,66.873665,195.00116,29.7366,29.7347,10.1475,10.1474,os1901l3c088_ctd
2019-09-24T04:37:37Z,8.0,66.873665,195.00116,29.737,29.7348,10.148,10.1471,os1901l3c088_ctd
2019-09-24T04:37:37Z,9.0,66.873665,195.00116,29.7344,29.7321,10.1471,10.1504,os1901l3c088_ctd
2019-09-24T04:37:37Z,10.0,66.873665,195.00116,29.7328,29.7317,10.1484,10.153,os1901l3c088_ctd
2019-09-24T04:37:37Z,11.0,66.873665,195.00116,29.7316,29.7292,10.1583,10.1563,os1901l3c088_ctd
2019-09-24T04:37:37Z,12.0,66.873665,195.00116,29.7327,29.7302,10.1535,10.151,os1901l3c088_ctd
2019-09-24T04:37:37Z,13.0,66.873665,195.00116,29.7327,29.73,10.152,10.1531,os1901l3c088_ctd
2019-09-24T04:37:37Z,14.0,66.873665,195.00116,29.7329,29.731,10.1519,10.1534,os1901l3c088_ctd
2019-09-24T04:37:37Z,15.0,66.873665,195.00116,29.7318,29.7295,10.1559,10.1555,os1901l3c088_ctd
2019-09-24T04:37:37Z,16.0,66.873665,195.00116,29.7327,29.7302,10.1571,10.1582,os1901l3c088_ctd
2019-09-24T04:37:37Z,17.0,66.873665,195.00116,29.7322,29.7301,10.1561,10.1552,os1901l3c088_ctd
2019-09-24T04:37:37Z,18.0,66.873665,195.00116,29.7324,29.7305,10.1568,10.1554,os1901l3c088_ctd
2019-09-24T04:37:37Z,19.0,66.873665,195.00116,29.7457,29.74,10.169,10.172,os1901l3c088_ctd
2019-09-24T04:37:37Z,20.0,66.873665,195.00116,29.8229,29.8095,10.2236,10.2363,os1901l3c088_ctd
2019-09-24T04:37:37Z,21.0,66.873665,195.00116,29.9741,29.9714,10.2606,10.2628,os1901l3c088_ctd
2019-09-24T04:37:37Z,22.0,66.873665,195.00116,30.0203,30.0175,10.2726,10.2725,os1901l3c088_ctd
2019-09-24T04:37:37Z,23.0,66.873665,195.00116,30.0216,30.0192,10.2735,10.2732,os1901l3c088_ctd
2019-09-24T04:37:37Z,24.0,66.873665,195.00116,30.0213,30.0188,10.2675,10.2676,os1901l3c088_ctd
2019-09-24T16:28:54Z,0.0,66.498,193.978,29.2457,29.2437,9.8651,9.8617,os1901l3c089_ctd
2019-09-24T16:28:54Z,1.0,66.498,193.978,29.2457,29.2437,9.8651,9.8617,os1901l3c089_ctd
2019-09-24T16:28:54Z,2.0,66.498,193.978,29.2457,29.2437,9.8651,9.8617,os1901l3c089_ctd
2019-09-24T16:28:54Z,3.0,66.498,193.978,29.2457,29.2437,9.8651,9.8617,os1901l3c089_ctd
2019-09-24T16:28:54Z,4.0,66.498,193.978,29.2458,29.2437,9.8558,9.8541,os1901l3c089_ctd
2019-09-24T16:28:54Z,5.0,66.498,193.978,29.2451,29.2432,9.8532,9.8532,os1901l3c089_ctd
2019-09-24T16:28:54Z,6.0,66.498,193.978,29.2455,29.2436,9.8508,9.8506,os1901l3c089_ctd
2019-09-24T16:28:54Z,7.0,66.498,193.978,29.2454,29.2435,9.8527,9.8544,os1901l3c089_ctd
2019-09-24T16:28:54Z,8.0,66.498,193.978,29.2454,29.2435,9.8567,9.8571,os1901l3c089_ctd
2019-09-24T16:28:54Z,9.0,66.498,193.978,29.2454,29.2435,9.8571,9.8566,os1901l3c089_ctd
2019-09-24T16:28:54Z,10.0,66.498,193.978,29.2453,29.2435,9.8557,9.8556,os1901l3c089_ctd
2019-09-24T16:28:54Z,11.0,66.498,193.978,29.2453,29.2435,9.8661,9.866,os1901l3c089_ctd
2019-09-24T16:28:54Z,12.0,66.498,193.978,29.2452,29.2432,9.8657,9.8662,os1901l3c089_ctd
2019-09-24T16:28:54Z,13.0,66.498,193.978,29.2454,29.2429,9.8626,9.8625,os1901l3c089_ctd
2019-09-24T16:28:54Z,14.0,66.498,193.978,29.2453,29.2435,9.8618,9.8616,os1901l3c089_ctd
2019-09-24T16:28:54Z,15.0,66.498,193.978,NaN,NaN,NaN,NaN,os1901l3c089_ctd
2019-09-24T16:28:54Z,16.0,66.498,193.978,29.2452,29.2435,9.862,9.8628,os1901l3c089_ctd
2019-09-24T20:18:43Z,0.0,66.501335,192.7525,27.6075,27.6056,9.8979,9.8972,os1901l3c090_ctd
2019-09-24T20:18:43Z,1.0,66.501335,192.7525,27.6075,27.6056,9.8979,9.8972,os1901l3c090_ctd
2019-09-24T20:18:43Z,2.0,66.501335,192.7525,27.6075,27.6056,9.8979,9.8972,os1901l3c090_ctd
2019-09-24T20:18:43Z,3.0,66.501335,192.7525,27.6075,27.6056,9.8979,9.8972,os1901l3c090_ctd
2019-09-24T20:18:43Z,4.0,66.501335,192.7525,27.6075,27.6056,9.8965,9.8962,os1901l3c090_ctd
2019-09-24T20:18:43Z,5.0,66.501335,192.7525,27.6076,27.6056,9.896,9.8957,os1901l3c090_ctd
2019-09-24T20:18:43Z,6.0,66.501335,192.7525,27.6077,27.6054,9.896,9.895,os1901l3c090_ctd
2019-09-24T20:18:43Z,7.0,66.501335,192.7525,27.608,27.6059,9.8944,9.8952,os1901l3c090_ctd
2019-09-24T20:18:43Z,8.0,66.501335,192.7525,27.6082,27.6063,9.8961,9.8964,os1901l3c090_ctd
2019-09-24T20:18:43Z,9.0,66.501335,192.7525,27.6081,27.6062,9.9004,9.8993,os1901l3c090_ctd
2019-09-24T20:18:43Z,10.0,66.501335,192.7525,27.608,27.6062,9.9027,9.9007,os1901l3c090_ctd
2019-09-24T20:18:43Z,11.0,66.501335,192.7525,27.6078,27.6062,9.9026,9.9024,os1901l3c090_ctd
2019-09-24T20:18:43Z,12.0,66.501335,192.7525,27.6077,27.6058,9.9016,9.8983,os1901l3c090_ctd
2019-09-24T20:18:43Z,13.0,66.501335,192.7525,27.6075,27.6054,9.8995,9.9003,os1901l3c090_ctd
2019-09-24T20:18:43Z,14.0,66.501335,192.7525,27.6075,27.6056,9.8997,9.8994,os1901l3c090_ctd
2019-09-24T20:18:43Z,15.0,66.501335,192.7525,27.6091,27.6089,9.9075,9.9076,os1901l3c090_ctd
2019-09-24T20:18:43Z,16.0,66.501335,192.7525,27.6925,27.666,9.9931,10.0199,os1901l3c090_ctd
2019-09-24T20:18:43Z,17.0,66.501335,192.7525,28.0196,27.9873,10.3273,10.3588,os1901l3c090_ctd
2019-09-24T20:18:43Z,18.0,66.501335,192.7525,28.1634,28.1553,10.4716,10.4767,os1901l3c090_ctd
2019-09-24T20:18:43Z,19.0,66.501335,192.7525,28.279,28.2559,10.4958,10.5023,os1901l3c090_ctd
2019-09-24T20:18:43Z,20.0,66.501335,192.7525,28.4291,28.4203,10.5449,10.5425,os1901l3c090_ctd
2019-09-24T20:18:43Z,21.0,66.501335,192.7525,28.501,28.4882,10.4695,10.4661,os1901l3c090_ctd
2019-09-24T20:18:43Z,22.0,66.501335,192.7525,28.5984,28.5899,10.5654,10.5725,os1901l3c090_ctd
2019-09-24T20:18:43Z,23.0,66.501335,192.7525,28.7266,28.7044,10.676,10.6873,os1901l3c090_ctd
2019-09-24T20:18:43Z,24.0,66.501335,192.7525,29.0546,28.9821,10.7004,10.6991,os1901l3c090_ctd
2019-09-24T20:18:43Z,25.0,66.501335,192.7525,29.4912,29.4694,10.6924,10.6913,os1901l3c090_ctd
2019-09-24T20:18:43Z,26.0,66.501335,192.7525,29.5532,29.5534,10.6689,10.6666,os1901l3c090_ctd
2019-09-24T20:18:43Z,27.0,66.501335,192.7525,29.5526,29.5502,10.6603,10.6597,os1901l3c090_ctd
2019-09-26T17:55:17Z,0.0,66.50667,191.46767,31.2554,31.232,7.2052,7.2133,os1901l3c091_ctd
2019-09-26T17:55:17Z,1.0,66.50667,191.46767,31.2554,31.232,7.2052,7.2133,os1901l3c091_ctd
2019-09-26T17:55:17Z,2.0,66.50667,191.46767,31.2554,31.232,7.2052,7.2133,os1901l3c091_ctd
2019-09-26T17:55:17Z,3.0,66.50667,191.46767,31.2554,31.232,7.2052,7.2133,os1901l3c091_ctd
2019-09-26T17:55:17Z,4.0,66.50667,191.46767,31.3598,31.2885,7.2222,7.2444,os1901l3c091_ctd
2019-09-26T17:55:17Z,5.0,66.50667,191.46767,31.5775,31.4666,7.2771,7.3235,os1901l3c091_ctd
2019-09-26T17:55:17Z,6.0,66.50667,191.46767,31.7324,31.7258,7.3607,7.363,os1901l3c091_ctd
2019-09-26T17:55:17Z,7.0,66.50667,191.46767,31.6742,31.7194,7.3585,7.3443,os1901l3c091_ctd
2019-09-26T17:55:17Z,8.0,66.50667,191.46767,31.7504,31.7534,7.3365,7.3296,os1901l3c091_ctd
2019-09-26T17:55:17Z,9.0,66.50667,191.46767,31.7781,31.7739,7.2614,7.2491,os1901l3c091_ctd
2019-09-26T17:55:17Z,10.0,66.50667,191.46767,31.7823,31.7797,7.2323,7.2314,os1901l3c091_ctd
2019-09-26T17:55:17Z,11.0,66.50667,191.46767,31.7841,31.7812,7.2293,7.2278,os1901l3c091_ctd
2019-09-26T17:55:17Z,12.0,66.50667,191.46767,31.7849,31.7825,7.226,7.2262,os1901l3c091_ctd
2019-09-26T17:55:17Z,13.0,66.50667,191.46767,31.7875,31.7842,7.2172,7.213,os1901l3c091_ctd
2019-09-26T17:55:17Z,14.0,66.50667,191.46767,31.8067,31.8015,7.1865,7.1813,os1901l3c091_ctd
2019-09-26T17:55:17Z,15.0,66.50667,191.46767,31.8211,31.8177,7.1534,7.1496,os1901l3c091_ctd
2019-09-26T17:55:17Z,16.0,66.50667,191.46767,31.8294,31.8256,7.1305,7.1272,os1901l3c091_ctd
2019-09-26T17:55:17Z,17.0,66.50667,191.46767,31.8379,31.8353,7.0974,7.094,os1901l3c091_ctd
2019-09-26T17:55:17Z,18.0,66.50667,191.46767,31.854,31.846,7.0636,7.0471,os1901l3c091_ctd
2019-09-26T17:55:17Z,19.0,66.50667,191.46767,31.9228,31.911,6.9111,6.8885,os1901l3c091_ctd
2019-09-26T17:55:17Z,20.0,66.50667,191.46767,31.9508,31.9412,6.8489,6.832,os1901l3c091_ctd
2019-09-26T17:55:17Z,21.0,66.50667,191.46767,31.9752,31.9685,6.7656,6.7535,os1901l3c091_ctd
2019-09-26T17:55:17Z,22.0,66.50667,191.46767,31.9789,31.9764,6.6632,6.6564,os1901l3c091_ctd
2019-09-26T17:55:17Z,23.0,66.50667,191.46767,31.9837,31.9801,6.6538,6.6552,os1901l3c091_ctd
2019-09-26T17:55:17Z,24.0,66.50667,191.46767,31.9874,31.983,6.6327,6.6178,os1901l3c091_ctd
2019-09-26T17:55:17Z,25.0,66.50667,191.46767,31.9838,31.9843,6.4942,6.4869,os1901l3c091_ctd
2019-09-26T17:55:17Z,26.0,66.50667,191.46767,31.9915,31.989,6.4779,6.4756,os1901l3c091_ctd
2019-09-26T17:55:17Z,27.0,66.50667,191.46767,31.9933,31.9905,6.4692,6.4664,os1901l3c091_ctd
2019-09-26T17:55:17Z,28.0,66.50667,191.46767,31.995,31.9924,6.4584,6.4572,os1901l3c091_ctd
2019-09-26T17:55:17Z,29.0,66.50667,191.46767,31.9953,31.993,6.4423,6.4331,os1901l3c091_ctd
2019-09-26T17:55:17Z,30.0,66.50667,191.46767,32.0374,32.0306,6.1227,6.0904,os1901l3c091_ctd
2019-09-26T17:55:17Z,31.0,66.50667,191.46767,32.0492,32.0467,6.031,6.0291,os1901l3c091_ctd
2019-09-26T17:55:17Z,32.0,66.50667,191.46767,32.0554,32.0526,6.0047,6.0019,os1901l3c091_ctd
2019-09-26T17:55:17Z,33.0,66.50667,191.46767,32.0585,32.056,5.9898,5.9881,os1901l3c091_ctd
2019-09-26T17:55:17Z,34.0,66.50667,191.46767,32.0604,32.0572,5.9814,5.9795,os1901l3c091_ctd
2019-09-26T17:55:17Z,35.0,66.50667,191.46767,32.062,32.0592,5.9718,5.9702,os1901l3c091_ctd
2019-09-26T17:55:17Z,36.0,66.50667,191.46767,32.0628,32.0601,5.9673,5.9664,os1901l3c091_ctd
2019-09-26T17:55:17Z,37.0,66.50667,191.46767,32.0635,32.0608,5.9617,5.96,os1901l3c091_ctd
2019-09-26T17:55:17Z,38.0,66.50667,191.46767,32.0643,32.0616,5.957,5.9558,os1901l3c091_ctd
2019-09-26T17:55:17Z,39.0,66.50667,191.46767,32.0653,32.0624,5.9488,5.9381,os1901l3c091_ctd
2019-09-26T17:55:17Z,40.0,66.50667,191.46767,32.0907,32.0853,5.8066,5.7878,os1901l3c091_ctd
2019-09-26T17:55:17Z,41.0,66.50667,191.46767,32.1338,32.1288,5.5734,5.5476,os1901l3c091_ctd
2019-09-26T17:55:17Z,42.0,66.50667,191.46767,32.1742,32.1727,5.3457,5.3297,os1901l3c091_ctd
2019-09-26T17:55:17Z,43.0,66.50667,191.46767,32.224,32.2164,5.1228,5.0887,os1901l3c091_ctd
2019-09-26T17:55:17Z,44.0,66.50667,191.46767,32.2664,32.2669,4.8812,4.8846,os1901l3c091_ctd
2019-09-26T17:55:17Z,45.0,66.50667,191.46767,32.2967,32.293,4.758,4.7532,os1901l3c091_ctd
2019-09-26T17:55:17Z,46.0,66.50667,191.46767,32.3089,32.3075,4.6926,4.699,os1901l3c091_ctd
2019-09-26T17:55:17Z,47.0,66.50667,191.46767,32.3134,32.3104,4.6803,4.6772,os1901l3c091_ctd
2019-09-26T17:55:17Z,48.0,66.50667,191.46767,32.3301,32.3264,4.6102,4.6032,os1901l3c091_ctd
2019-09-26T17:55:17Z,49.0,66.50667,191.46767,32.3292,32.3246,4.6179,4.6057,os1901l3c091_ctd
